20110622043838	http://www.supremenewyork.com/uploaded/product/3591/start_something_thumb.jpg?1205161977	2011_old_start_something_thumb.jpg_1205161977	old
20110430182246	http://www.supremenewyork.com/uploaded/product/4704/thumb.jpg	2011_old_thumb.jpg	old
20110621221623	http://www.supremenewyork.com/uploaded/product/4704/thumb.jpg?1220861812	2011_old_thumb.jpg_1220861812	old
20110430182246	http://www.supremenewyork.com/uploaded/product/5632/blue_thumb.jpg	2011_old_blue_thumb.jpg	old
20110621221623	http://www.supremenewyork.com/uploaded/product/5632/blue_thumb.jpg?1222896831	2011_old_blue_thumb.jpg_1222896831	old
20110918220557	http://www.supremenewyork.com/uploaded/product/7342/camp_yellow.jpg?1236815883	2011_old_camp_yellow.jpg_1236815883	old
20110918220556	http://www.supremenewyork.com/uploaded/product/7610/paisley.jpg?1236620132	2011_old_paisley.jpg_1236620132	old
20110918220555	http://www.supremenewyork.com/uploaded/product/7823/halfCabthumJP.jpg?1237473545	2011_old_halfCabthumJP.jpg_1237473545	old
20110918220556	http://www.supremenewyork.com/uploaded/product/7840/era_thumJP.jpg?1237473501	2011_old_era_thumJP.jpg_1237473501	old
20110822175711	http://www.supremenewyork.com/uploaded/style/3096/green.jpg?1197266727	2011_old_green.jpg_1197266727	old
20110514205720	http://www.supremenewyork.com/uploaded/style/3114/blue.jpg?1197266727	2011_old_blue.jpg_1197266727	old
20111130161142	http://www.supremenewyork.com/uploaded/style/3118/red.jpg?1197266728	2011_old_red.jpg_1197266728	old
20110720014108	http://www.supremenewyork.com/uploaded/style/3126/black.jpg?1197266728	2011_old_black.jpg_1197266728	old
20111211212547	http://www.supremenewyork.com/uploaded/style/3138/green.jpg?1197266728	2011_old_green.jpg_1197266728	old
20111130161148	http://www.supremenewyork.com/uploaded/style/3183/grey.jpg?1197266729	2011_old_grey.jpg_1197266729	old
20111202154746	http://www.supremenewyork.com/uploaded/style/3196/black.jpg?1197266729	2011_old_black.jpg_1197266729	old
20110621221411	http://www.supremenewyork.com/uploaded/style/3208/red.jpg?1197266729	2011_old_red.jpg_1197266729	old
20110918215808	http://www.supremenewyork.com/uploaded/style/3219/lightPurple.jpg?1197266729	2011_old_lightPurple.jpg_1197266729	old
20110514205741	http://www.supremenewyork.com/uploaded/style/3227/purple.jpg?1197266729	2011_old_purple.jpg_1197266729	old
20111130161114	http://www.supremenewyork.com/uploaded/style/3236/chrome.jpg?1197266729	2011_old_chrome.jpg_1197266729	old
20110720014054	http://www.supremenewyork.com/uploaded/style/3248/green.jpg?1197266730	2011_old_green.jpg_1197266730	old
20110622042606	http://www.supremenewyork.com/uploaded/style/3252/black_back.jpg?1197266730	2011_old_black_back.jpg_1197266730	old
20110622042621	http://www.supremenewyork.com/uploaded/style/3256/gold.jpg?1197266730	2011_old_gold.jpg_1197266730	old
20110918215900	http://www.supremenewyork.com/uploaded/style/3656/kermit_deck_red_1.jpg?1205161981	2011_old_kermit_deck_red_1.jpg_1205161981	old
20110918215902	http://www.supremenewyork.com/uploaded/style/3663/kermit_corrected_1_2.jpg?1205161981	2011_old_kermit_corrected_1_2.jpg_1205161981	old
20110918215923	http://www.supremenewyork.com/uploaded/style/3667/kermit_corrected_2.jpg?1205161981	2011_old_kermit_corrected_2.jpg_1205161981	old
20110918215925	http://www.supremenewyork.com/uploaded/style/3671/kermit_corrected_3.jpg?1205161981	2011_old_kermit_corrected_3.jpg_1205161981	old
20111211214459	http://www.supremenewyork.com/uploaded/style/3675/kermit_4.jpg?1205161981	2011_old_kermit_4.jpg_1205161981	old
20110918215929	http://www.supremenewyork.com/uploaded/style/3679/kermit_5.jpg?1205161981	2011_old_kermit_5.jpg_1205161981	old
20120222060440	http://www.supremenewyork.com/uploaded/style/3760/royal.jpg?1208444611	2012_old_royal.jpg_1208444611	old
20110918220010	http://www.supremenewyork.com/uploaded/style/3782/black.jpg?1208444611	2011_old_black.jpg_1208444611	old
20120222060536	http://www.supremenewyork.com/uploaded/style/3803/grey.jpg?1208444611	2012_old_grey.jpg_1208444611	old
20120222061906	http://www.supremenewyork.com/uploaded/style/3824/seafoam.jpg?1208444611	2012_old_seafoam.jpg_1208444611	old
20120222060516	http://www.supremenewyork.com/uploaded/style/3858/white.jpg?1208444611	2012_old_white.jpg_1208444611	old
20110918220008	http://www.supremenewyork.com/uploaded/style/3862/red.jpg?1208444611	2011_old_red.jpg_1208444611	old
20120222061834	http://www.supremenewyork.com/uploaded/style/3871/khaki.jpg?1208444611	2012_old_khaki.jpg_1208444611	old
20110918220014	http://www.supremenewyork.com/uploaded/style/3880/white.jpg?1208444612	2011_old_white.jpg_1208444612	old
20110918220006	http://www.supremenewyork.com/uploaded/style/3905/navy.jpg?1208444612	2011_old_navy.jpg_1208444612	old
20111211214919	http://www.supremenewyork.com/uploaded/style/3939/geometric_camp_cap_3.jpg?1208444612	2011_old_geometric_camp_cap_3.jpg_1208444612	old
20120222060453	http://www.supremenewyork.com/uploaded/style/3943/geometric_camp_cap_2.jpg?1208444612	2012_old_geometric_camp_cap_2.jpg_1208444612	old
20110918220012	http://www.supremenewyork.com/uploaded/style/3953/black.jpg?1208444612	2011_old_black.jpg_1208444612	old
20110918220005	http://www.supremenewyork.com/uploaded/style/3962/kermitoy.jpg?1208444612	2011_old_kermitoy.jpg_1208444612	old
20110918220048	http://www.supremenewyork.com/uploaded/style/4110/dickjane_grey.jpg?1213279187	2011_old_dickjane_grey.jpg_1213279187	old
20110622043410	http://www.supremenewyork.com/uploaded/style/4135/navy.jpg?1213279187	2011_old_navy.jpg_1213279187	old
20110918220244	http://www.supremenewyork.com/uploaded/style/4156/fuckem_black.jpg?1213279187	2011_old_fuckem_black.jpg_1213279187	old
20110514205507	http://www.supremenewyork.com/uploaded/style/4160/red_fuck.jpg?1213279187	2011_old_red_fuck.jpg_1213279187	old
20110622043928	http://www.supremenewyork.com/uploaded/style/4173/police_green.jpg?1213279187	2011_old_police_green.jpg_1213279187	old
20120203152111	http://www.supremenewyork.com/uploaded/style/4190/fuckyall_black.jpg?1213279187	2012_old_fuckyall_black.jpg_1213279187	old
20110918220045	http://www.supremenewyork.com/uploaded/style/4194/fuckyall_blue.jpg?1213279187	2011_old_fuckyall_blue.jpg_1213279187	old
20120203152105	http://www.supremenewyork.com/uploaded/style/4210/fuckyall_white.jpg?1213279187	2012_old_fuckyall_white.jpg_1213279187	old
20110622044025	http://www.supremenewyork.com/uploaded/style/4215/black_hawaii.jpg?1213279187	2011_old_black_hawaii.jpg_1213279187	old
20110918220051	http://www.supremenewyork.com/uploaded/style/4252/halloween_yellow.jpg?1213279187	2011_old_halloween_yellow.jpg_1213279187	old
20110622043205	http://www.supremenewyork.com/uploaded/style/4257/oxford_blue.jpg?1213279187	2011_old_oxford_blue.jpg_1213279187	old
20110918220045	http://www.supremenewyork.com/uploaded/style/4271/halloween.jpg?1213279187	2011_old_halloween.jpg_1213279187	old
20110918220049	http://www.supremenewyork.com/uploaded/style/4282/racingtank_blue.jpg?1213279187	2011_old_racingtank_blue.jpg_1213279187	old
20110918220113	http://www.supremenewyork.com/uploaded/style/4295/oxfordcap_blue.jpg?1213279187	2011_old_oxfordcap_blue.jpg_1213279187	old
20110622043525	http://www.supremenewyork.com/uploaded/style/4319/stripe_white.jpg?1213279188	2011_old_stripe_white.jpg_1213279188	old
20110827102627	http://www.supremenewyork.com/uploaded/style/4331/polo_black.jpg?1213279188	2011_old_polo_black.jpg_1213279188	old
20110514205446	http://www.supremenewyork.com/uploaded/style/4335/polo_tan.jpg?1213279188	2011_old_polo_tan.jpg_1213279188	old
20120222060321	http://www.supremenewyork.com/uploaded/style/4339/polo_navy.jpg?1213279188	2012_old_polo_navy.jpg_1213279188	old
20110918220246	http://www.supremenewyork.com/uploaded/style/4343/fuckem_white.jpg?1213279188	2011_old_fuckem_white.jpg_1213279188	old
20120222055115	http://www.supremenewyork.com/uploaded/style/4523/navy.jpg?1220861827	2012_old_navy.jpg_1220861827	old
20110918220459	http://www.supremenewyork.com/uploaded/style/4705/gray.jpg?1220861828	2011_old_gray.jpg_1220861828	old
20111211215410	http://www.supremenewyork.com/uploaded/style/4709/gray_alt.jpg?1220861828	2011_old_gray_alt.jpg_1220861828	old
20111212045008	http://www.supremenewyork.com/uploaded/style/4713/red.jpg?1220861828	2011_old_red.jpg_1220861828	old
20111212045016	http://www.supremenewyork.com/uploaded/style/4717/blue.jpg?1220861828	2011_old_blue.jpg_1220861828	old
20111212044957	http://www.supremenewyork.com/uploaded/style/4721/black.jpg?1220861828	2011_old_black.jpg_1220861828	old
20110918220524	http://www.supremenewyork.com/uploaded/style/4772/redblue.jpg?1220861828	2011_old_redblue.jpg_1220861828	old
20111212045329	http://www.supremenewyork.com/uploaded/style/4798/green.jpg?1220861828	2011_old_green.jpg_1220861828	old
20111212045340	http://www.supremenewyork.com/uploaded/style/4802/bw.jpg?1220861828	2011_old_bw.jpg_1220861828	old
20120222055541	http://www.supremenewyork.com/uploaded/style/5110/green.jpg?1220861828	2012_old_green.jpg_1220861828	old
20120111041919	http://www.supremenewyork.com/uploaded/style/5211/green_n.jpg?1220861829	2012_old_green_n.jpg_1220861829	old
20110918220523	http://www.supremenewyork.com/uploaded/style/5294/green.jpg?1220861831	2011_old_green.jpg_1220861831	old
20120222055046	http://www.supremenewyork.com/uploaded/style/5386/navy.jpg?1222687535	2012_old_navy.jpg_1222687535	old
20110918220500	http://www.supremenewyork.com/uploaded/style/5425/navy_red.jpg?1222760045	2011_old_navy_red.jpg_1222760045	old
20110622044127	http://www.supremenewyork.com/uploaded/style/5476/heather.jpg?1222762375	2011_old_heather.jpg_1222762375	old
20110918220500	http://www.supremenewyork.com/uploaded/style/5531/BLACK.jpg	2011_old_BLACK.jpg	old
20120222055125	http://www.supremenewyork.com/uploaded/style/5531/BLACK.jpg?1222765648	2012_old_BLACK.jpg_1222765648	old
20111212152020	http://www.supremenewyork.com/uploaded/style/5586/black.jpg?1222767419	2011_old_black.jpg_1222767419	old
20120111041935	http://www.supremenewyork.com/uploaded/style/5633/blue.jpg	2012_old_blue.jpg	old
20120222054852	http://www.supremenewyork.com/uploaded/style/5633/blue.jpg?1222896855	2012_old_blue.jpg_1222896855	old
20110918220526	http://www.supremenewyork.com/uploaded/style/5794/miles_cover_2.jpg?1226339234	2011_old_miles_cover_2.jpg_1226339234	old
20120222055131	http://www.supremenewyork.com/uploaded/style/5840/white_front.jpg?1226163508	2012_old_white_front.jpg_1226163508	old
20110918220455	http://www.supremenewyork.com/uploaded/style/5873/yellow.jpg?1226164320	2011_old_yellow.jpg_1226164320	old
20111130161243	http://www.supremenewyork.com/uploaded/style/5916/gray.jpg?1226165823	2011_old_gray.jpg_1226165823	old
20111212151859	http://www.supremenewyork.com/uploaded/style/5954/red.jpg?1226166559	2011_old_red.jpg_1226166559	old
20111212151859	http://www.supremenewyork.com/uploaded/style/5976/navy.jpg?1226301648	2011_old_navy.jpg_1226301648	old
20110918220457	http://www.supremenewyork.com/uploaded/style/5993/red.jpg?1226302254	2011_old_red.jpg_1226302254	old
20110918220521	http://www.supremenewyork.com/uploaded/style/6054/peruvian_sweater_grey.jpg?1227471422	2011_old_peruvian_sweater_grey.jpg_1227471422	old
20111212151851	http://www.supremenewyork.com/uploaded/style/6066/chore_quilted_hat_stripe.jpg?1227471878	2011_old_chore_quilted_hat_stripe.jpg_1227471878	old
20120222055120	http://www.supremenewyork.com/uploaded/style/6074/ptc_tee_yellow.jpg?1227471975	2012_old_ptc_tee_yellow.jpg_1227471975	old
20110622043057	http://www.supremenewyork.com/uploaded/style/6098/black_front.jpg?1227472216	2011_old_black_front.jpg_1227472216	old
20120222055050	http://www.supremenewyork.com/uploaded/style/6114/fuck_this_tee_blk.jpg?1227472376	2012_old_fuck_this_tee_blk.jpg_1227472376	old
20110918220543	http://www.supremenewyork.com/uploaded/style/6143/CordSuede_CampCap_Blu.jpg?1227472822	2011_old_CordSuede_CampCap_Blu.jpg_1227472822	old
20110918220449	http://www.supremenewyork.com/uploaded/style/6156/quick_tee_blk.jpg?1227472990	2011_old_quick_tee_blk.jpg_1227472990	old
20110918220457	http://www.supremenewyork.com/uploaded/style/6198/snowman_beanie_Red.jpg?1227473414	2011_old_snowman_beanie_Red.jpg_1227473414	old
20110918220513	http://www.supremenewyork.com/uploaded/style/6274/red_n.jpg?1228631706	2011_old_red_n.jpg_1228631706	old
20120222055305	http://www.supremenewyork.com/uploaded/style/6278/red_alt_n.jpg?1228631766	2012_old_red_alt_n.jpg_1228631766	old
20120222054942	http://www.supremenewyork.com/uploaded/style/6286/navy.jpg?1228415996	2012_old_navy.jpg_1228415996	old
20120222055038	http://www.supremenewyork.com/uploaded/style/6290/green.jpg?1228416064	2012_old_green.jpg_1228416064	old
20120222054944	http://www.supremenewyork.com/uploaded/style/6294/blk.jpg?1228416128	2012_old_blk.jpg_1228416128	old
20110918220512	http://www.supremenewyork.com/uploaded/style/6299/blk.jpg?1228416272	2011_old_blk.jpg_1228416272	old
20120222055057	http://www.supremenewyork.com/uploaded/style/6311/red.jpg?1228416440	2012_old_red.jpg_1228416440	old
20120222055100	http://www.supremenewyork.com/uploaded/style/6315/navy.jpg?1228416495	2012_old_navy.jpg_1228416495	old
20120222055104	http://www.supremenewyork.com/uploaded/style/6319/green.jpg?1228416559	2012_old_green.jpg_1228416559	old
20110621221638	http://www.supremenewyork.com/uploaded/style/6324/red.jpg?1228416714	2011_old_red.jpg_1228416714	old
20110918220448	http://www.supremenewyork.com/uploaded/style/6345/blk.jpg?1228417040	2011_old_blk.jpg_1228417040	old
20120222055107	http://www.supremenewyork.com/uploaded/style/6404/charcoal.jpg?1228855532	2012_old_charcoal.jpg_1228855532	old
20110918220621	http://www.supremenewyork.com/uploaded/style/6784/J2_camo_shop.jpg?1235841895	2011_old_J2_camo_shop.jpg_1235841895	old
20111130161328	http://www.supremenewyork.com/uploaded/style/6833/J3_royal_shop.jpg?1235841896	2011_old_J3_royal_shop.jpg_1235841896	old
20110918220612	http://www.supremenewyork.com/uploaded/style/6897/J5_navy_shop.jpg?1235841896	2011_old_J5_navy_shop.jpg_1235841896	old
20111130161336	http://www.supremenewyork.com/uploaded/style/7024/S1_blk_shop.jpg?1235841897	2011_old_S1_blk_shop.jpg_1235841897	old
20110918220615	http://www.supremenewyork.com/uploaded/style/7141/SW6_red_shop.jpg?1235841898	2011_old_SW6_red_shop.jpg_1235841898	old
20110918220612	http://www.supremenewyork.com/uploaded/style/7459/T1_blk_shop.jpg?1235841904	2011_old_T1_blk_shop.jpg_1235841904	old
20110918220616	http://www.supremenewyork.com/uploaded/style/7497/T4_white_shop.jpg?1235841904	2011_old_T4_white_shop.jpg_1235841904	old
20110918220619	http://www.supremenewyork.com/uploaded/style/7531/T8_HGrey_shop.jpg?1235841904	2011_old_T8_HGrey_shop.jpg_1235841904	old
20110918220615	http://www.supremenewyork.com/uploaded/style/7644/T7_yellow_shop.jpg?1236635558	2011_old_T7_yellow_shop.jpg_1236635558	old
20111130161321	http://www.supremenewyork.com/uploaded/style/7717/KN3_blk_shop.jpg?1236777622	2011_old_KN3_blk_shop.jpg_1236777622	old
20110918220601	http://www.supremenewyork.com/uploaded/style/7841/era_white.jpg?1237407121	2011_old_era_white.jpg_1237407121	old
20131107070510	http://d17ol771963kd3.cloudfront.net/87009/zo/GYKMPQ06MYU.jpg	2013_87009_GYKMPQ06MYU.jpg	zo
20131111015316	http://d17ol771963kd3.cloudfront.net/85137/zo/14UFJGsHRRM.jpg	2013_85137_14UFJGsHRRM.jpg	zo
20131217161946	http://d17ol771963kd3.cloudfront.net/86404/zo/GVqfNooVMw0.jpg	2013_86404_GVqfNooVMw0.jpg	zo
20131207104635	http://d17ol771963kd3.cloudfront.net/85180/zo/yEOO6kyEqbQ.jpg	2013_85180_yEOO6kyEqbQ.jpg	zo
20131107065806	http://d17ol771963kd3.cloudfront.net/87015/zo/xs0fzwBCcD4.jpg	2013_87015_xs0fzwBCcD4.jpg	zo
20130913225318	http://d17ol771963kd3.cloudfront.net/68515/zo/5oUm_UFx_YY.jpg	2013_68515_5oUm_UFx_YY.jpg	zo
20131231022553	http://d17ol771963kd3.cloudfront.net/68647/zo/_ViKQuSGvp0.jpg	2013_68647__ViKQuSGvp0.jpg	zo
20131217213613	http://d17ol771963kd3.cloudfront.net/86514/zo/bFO-DjT-jgM.jpg	2013_86514_bFO-DjT-jgM.jpg	zo
20131019195239	http://d17ol771963kd3.cloudfront.net/148673/zo/6-supreme--s--porter--r--_i_pad_case_1345454983.jpg	2013_148673_6-supreme--s--porter--r--_i_pad_case_1345454983.jpg	zo
20131110213417	http://d17ol771963kd3.cloudfront.net/86209/zo/55n3fWzW7L4.jpg	2013_86209_55n3fWzW7L4.jpg	zo
20131107070107	http://d17ol771963kd3.cloudfront.net/85130/zo/ud_-pxWYJ4w.jpg	2013_85130_ud_-pxWYJ4w.jpg	zo
20131222001706	http://d17ol771963kd3.cloudfront.net/86237/zo/BII508Ljgac.jpg	2013_86237_BII508Ljgac.jpg	zo
20131214113818	http://d17ol771963kd3.cloudfront.net/86698/zo/DPNDxNjrzWg.jpg	2013_86698_DPNDxNjrzWg.jpg	zo
20131217085414	http://d17ol771963kd3.cloudfront.net/86700/zo/cPFegUR0t24.jpg	2013_86700_cPFegUR0t24.jpg	zo
20131212033627	http://d17ol771963kd3.cloudfront.net/86453/zo/iR7CKqNH5U4.jpg	2013_86453_iR7CKqNH5U4.jpg	zo
20131210001106	http://d17ol771963kd3.cloudfront.net/85834/zo/Nvf8afGzrOY.jpg	2013_85834_Nvf8afGzrOY.jpg	zo
20131107070641	http://d17ol771963kd3.cloudfront.net/86988/zo/eXwiojoFJiQ.jpg	2013_86988_eXwiojoFJiQ.jpg	zo
20131107070742	http://d17ol771963kd3.cloudfront.net/87005/zo/CzxvYthtCmk.jpg	2013_87005_CzxvYthtCmk.jpg	zo
20130913225327	http://d17ol771963kd3.cloudfront.net/68517/zo/MaLVq6NGgDk.jpg	2013_68517_MaLVq6NGgDk.jpg	zo
20131209144219	http://d17ol771963kd3.cloudfront.net/86388/zo/otDIKqz4E9U.jpg	2013_86388_otDIKqz4E9U.jpg	zo
20131107065558	http://d17ol771963kd3.cloudfront.net/86999/zo/rUjhnirDC6g.jpg	2013_86999_rUjhnirDC6g.jpg	zo
20131107071938	http://d17ol771963kd3.cloudfront.net/86391/zo/hRnVLrAClso.jpg	2013_86391_hRnVLrAClso.jpg	zo
20131207091132	http://d17ol771963kd3.cloudfront.net/85182/zo/ssphwEqvJnU.jpg	2013_85182_ssphwEqvJnU.jpg	zo
20130913223944	http://d17ol771963kd3.cloudfront.net/68510/zo/npDCk5_Hq6E.jpg	2013_68510_npDCk5_Hq6E.jpg	zo
20131208233221	http://d17ol771963kd3.cloudfront.net/86389/zo/XGHGTcFZ5D8.jpg	2013_86389_XGHGTcFZ5D8.jpg	zo
20130913225339	http://d17ol771963kd3.cloudfront.net/68509/zo/p3NpTDrsoGk.jpg	2013_68509_p3NpTDrsoGk.jpg	zo
20131209235809	http://d17ol771963kd3.cloudfront.net/167787/zo/0-j4_red_camo01.jpg	2013_167787_0-j4_red_camo01.jpg	zo
20131115050054	http://d17ol771963kd3.cloudfront.net/87077/zo/kmijkChqreE.jpg	2013_87077_kmijkChqreE.jpg	zo
20131109192821	http://d17ol771963kd3.cloudfront.net/85680/zo/KGq9zWvn-so.jpg	2013_85680_KGq9zWvn-so.jpg	zo
20130913225315	http://d17ol771963kd3.cloudfront.net/68513/zo/qsWt2CEruMU.jpg	2013_68513_qsWt2CEruMU.jpg	zo
20131107070250	http://d17ol771963kd3.cloudfront.net/87017/zo/Y0XLu05-yEw.jpg	2013_87017_Y0XLu05-yEw.jpg	zo
20131104225935	http://d17ol771963kd3.cloudfront.net/86430/zo/7WzPM9gDoIU.jpg	2013_86430_7WzPM9gDoIU.jpg	zo
20140807043047	http://d17ol771963kd3.cloudfront.net/85099/zo/aZ8XXsD3ipI.jpg	2014_85099_aZ8XXsD3ipI.jpg	zo
20140807153257	http://d17ol771963kd3.cloudfront.net/85226/zo/f3UwUmDdgt0.jpg	2014_85226_f3UwUmDdgt0.jpg	zo
20140807112756	http://d17ol771963kd3.cloudfront.net/86918/zo/3ytUagRefUk.jpg	2014_86918_3ytUagRefUk.jpg	zo
20140807113010	http://d17ol771963kd3.cloudfront.net/85141/zo/Lmi8IPIrbEk.jpg	2014_85141_Lmi8IPIrbEk.jpg	zo
20140806232647	http://d17ol771963kd3.cloudfront.net/86759/zo/EMvqZlNAKrU.jpg	2014_86759_EMvqZlNAKrU.jpg	zo
20140807003946	http://d17ol771963kd3.cloudfront.net/85991/zo/6pZo5KUISDg.jpg	2014_85991_6pZo5KUISDg.jpg	zo
20140807113359	http://d17ol771963kd3.cloudfront.net/86878/zo/4sgylEqclfU.jpg	2014_86878_4sgylEqclfU.jpg	zo
20140807203437	http://d17ol771963kd3.cloudfront.net/86384/zo/xP9xnRRRwnw.jpg	2014_86384_xP9xnRRRwnw.jpg	zo
20141013210752	http://d17ol771963kd3.cloudfront.net/71122/zo/uy0qkSfaYE4.jpg	2014_71122_uy0qkSfaYE4.jpg	zo
20141227182102	http://d17ol771963kd3.cloudfront.net/85633/zo/GHhQ4RjbLe0.jpg	2014_85633_GHhQ4RjbLe0.jpg	zo
20140806232758	http://d17ol771963kd3.cloudfront.net/86879/zo/YImaSsAAnts.jpg	2014_86879_YImaSsAAnts.jpg	zo
20140806220354	http://d17ol771963kd3.cloudfront.net/86153/zo/fO1Vttv0tEI.jpg	2014_86153_fO1Vttv0tEI.jpg	zo
20141219070828	http://d17ol771963kd3.cloudfront.net/94332/zo/KN33iFkY-_U.jpg	2014_94332_KN33iFkY-_U.jpg	zo
20140818230828	http://d17ol771963kd3.cloudfront.net/85300/zo/uZW8khbJpv4.jpg	2014_85300_uZW8khbJpv4.jpg	zo
20140123023713	http://d17ol771963kd3.cloudfront.net/167922/zo/8-p12_group.jpg	2014_167922_8-p12_group.jpg	zo
20140821171815	http://d17ol771963kd3.cloudfront.net/85996/zo/qXBzCEeu208.jpg	2014_85996_qXBzCEeu208.jpg	zo
20141208041120	http://d17ol771963kd3.cloudfront.net/85198/zo/F2ak3Lt1Jbk.jpg	2014_85198_F2ak3Lt1Jbk.jpg	zo
20140729182654	http://d17ol771963kd3.cloudfront.net/86346/zo/uZBLXgrTRvk.jpg	2014_86346_uZBLXgrTRvk.jpg	zo
20140807112927	http://d17ol771963kd3.cloudfront.net/86033/zo/sILFG4IfqcI.jpg	2014_86033_sILFG4IfqcI.jpg	zo
20141227182104	http://d17ol771963kd3.cloudfront.net/86921/zo/Qn5yj28bVhs.jpg	2014_86921_Qn5yj28bVhs.jpg	zo
20140806220444	http://d17ol771963kd3.cloudfront.net/85671/zo/32q3Q3oX8OU.jpg	2014_85671_32q3Q3oX8OU.jpg	zo
20140807203458	http://d17ol771963kd3.cloudfront.net/86383/zo/022nxjKXS9Y.jpg	2014_86383_022nxjKXS9Y.jpg	zo
20140401131738	http://d17ol771963kd3.cloudfront.net/86854/zo/VPFNz6n2fKI.jpg	2014_86854_VPFNz6n2fKI.jpg	zo
20141025002315	http://d17ol771963kd3.cloudfront.net/86049/zo/HVzUKRJ2xv4.jpg	2014_86049_HVzUKRJ2xv4.jpg	zo
20140807113009	http://d17ol771963kd3.cloudfront.net/85181/zo/U7tqNTDPaIg.jpg	2014_85181_U7tqNTDPaIg.jpg	zo
20141208041301	http://d17ol771963kd3.cloudfront.net/85197/zo/MrsaQZ1Byjs.jpg	2014_85197_MrsaQZ1Byjs.jpg	zo
20141208041819	http://d17ol771963kd3.cloudfront.net/85199/zo/gv2XXBGIKPQ.jpg	2014_85199_gv2XXBGIKPQ.jpg	zo
20140914044106	http://d17ol771963kd3.cloudfront.net/72243/zo/KBz0DUhF_34.jpg	2014_72243_KBz0DUhF_34.jpg	zo
20140625131142	http://d17ol771963kd3.cloudfront.net/148022/zo/2-leather_down_jacket_1345454847.jpg	2014_148022_2-leather_down_jacket_1345454847.jpg	zo
20140806220514	http://d17ol771963kd3.cloudfront.net/85768/zo/LViH7CAE1tw.jpg	2014_85768_LViH7CAE1tw.jpg	zo
20140807183448	http://d17ol771963kd3.cloudfront.net/85245/zo/IMQuabxnGWo.jpg	2014_85245_IMQuabxnGWo.jpg	zo
20140415010802	http://d17ol771963kd3.cloudfront.net/137980/zo/21-world_map_5_panel_1329739058.jpg	2014_137980_21-world_map_5_panel_1329739058.jpg	zo
20140321195911	https://d17ol771963kd3.cloudfront.net/167711/zo/12-h10_group.jpg	2014_167711_12-h10_group.jpg	zo
20141204051300	http://d17ol771963kd3.cloudfront.net/85202/zo/8p4Laq3tVYY.jpg	2014_85202_8p4Laq3tVYY.jpg	zo
20140807153410	http://d17ol771963kd3.cloudfront.net/85171/zo/G_3Lc8y1Fb0.jpg	2014_85171_G_3Lc8y1Fb0.jpg	zo
20140806223632	http://d17ol771963kd3.cloudfront.net/86588/zo/UI_I6e1YwvM.jpg	2014_86588_UI_I6e1YwvM.jpg	zo
20140927104530	http://d17ol771963kd3.cloudfront.net/148373/zo/6-montage_tee_1345454923.jpg	2014_148373_6-montage_tee_1345454923.jpg	zo
20140806232653	http://d17ol771963kd3.cloudfront.net/86652/zo/A3-xBVwdpuY.jpg	2014_86652_A3-xBVwdpuY.jpg	zo
20140807161856	http://d17ol771963kd3.cloudfront.net/86799/zo/dqptmRX1MNI.jpg	2014_86799_dqptmRX1MNI.jpg	zo
20141029025144	http://d17ol771963kd3.cloudfront.net/74193/zo/HfPrb8Aknlo.jpg	2014_74193_HfPrb8Aknlo.jpg	zo
20141007222223	http://d17ol771963kd3.cloudfront.net/71117/zo/Jh0VMNuWgVM.jpg	2014_71117_Jh0VMNuWgVM.jpg	zo
20140818142822	http://d17ol771963kd3.cloudfront.net/85222/zo/ym27MuqP47o.jpg	2014_85222_ym27MuqP47o.jpg	zo
20141025162644	http://d17ol771963kd3.cloudfront.net/85184/zo/T-HmN5HNuiI.jpg	2014_85184_T-HmN5HNuiI.jpg	zo
20140308182741	http://d17ol771963kd3.cloudfront.net/137938/zo/0-crocodile_script_5_panel_1329739039.jpg	2014_137938_0-crocodile_script_5_panel_1329739039.jpg	zo
20140807043422	http://d17ol771963kd3.cloudfront.net/85088/zo/kAvbyVaOvNo.jpg	2014_85088_kAvbyVaOvNo.jpg	zo
20140807043440	http://d17ol771963kd3.cloudfront.net/85083/zo/raGnmK92nH4.jpg	2014_85083_raGnmK92nH4.jpg	zo
20140331115307	http://d17ol771963kd3.cloudfront.net/86859/zo/aQKDTjku55Q.jpg	2014_86859_aQKDTjku55Q.jpg	zo
20140510172100	http://d17ol771963kd3.cloudfront.net/71369/zo/jzvaFnNafGc.jpg	2014_71369_jzvaFnNafGc.jpg	zo
20140807113201	http://d17ol771963kd3.cloudfront.net/86028/zo/t5thUdpL5lk.jpg	2014_86028_t5thUdpL5lk.jpg	zo
20140702052344	http://d17ol771963kd3.cloudfront.net/91125/zo/SylwQ7Ak-fM.jpg	2014_91125_SylwQ7Ak-fM.jpg	zo
20141227182059	http://d17ol771963kd3.cloudfront.net/86672/zo/zq4ho7GxiO0.jpg	2014_86672_zq4ho7GxiO0.jpg	zo
20140807113715	http://d17ol771963kd3.cloudfront.net/85704/zo/IAbMrEh9q4g.jpg	2014_85704_IAbMrEh9q4g.jpg	zo
20140806220416	http://d17ol771963kd3.cloudfront.net/86187/zo/xCbZBrW4pYw.jpg	2014_86187_xCbZBrW4pYw.jpg	zo
20141007003327	http://d17ol771963kd3.cloudfront.net/71113/zo/SMBS9GQH28U.jpg	2014_71113_SMBS9GQH28U.jpg	zo
20140806232631	http://d17ol771963kd3.cloudfront.net/86350/zo/87xykWaDpjo.jpg	2014_86350_87xykWaDpjo.jpg	zo
20140821165823	http://d17ol771963kd3.cloudfront.net/87115/zo/NkoC9LURDuM.jpg	2014_87115_NkoC9LURDuM.jpg	zo
20140227021821	http://d17ol771963kd3.cloudfront.net/167798/zo/3-t5_black.jpg	2014_167798_3-t5_black.jpg	zo
20140704122240	http://d17ol771963kd3.cloudfront.net/111412/zo/Tee_group01_1261554605.jpg	2014_111412_Tee_group01_1261554605.jpg	zo
20140807113056	http://d17ol771963kd3.cloudfront.net/86888/zo/l966c_yLX04.jpg	2014_86888_l966c_yLX04.jpg	zo
20140806220340	http://d17ol771963kd3.cloudfront.net/86198/zo/cWRmG_b9JIs.jpg	2014_86198_cWRmG_b9JIs.jpg	zo
20140807112814	http://d17ol771963kd3.cloudfront.net/86808/zo/zove6l6r3R0.jpg	2014_86808_zove6l6r3R0.jpg	zo
20141029025132	http://d17ol771963kd3.cloudfront.net/74190/zo/RHdUtJ92yoY.jpg	2014_74190_RHdUtJ92yoY.jpg	zo
20140807162257	http://d17ol771963kd3.cloudfront.net/86395/zo/AvltVYA4J18.jpg	2014_86395_AvltVYA4J18.jpg	zo
20140525210110	http://d17ol771963kd3.cloudfront.net/87074/zo/e-eaRx4tNew.jpg	2014_87074_e-eaRx4tNew.jpg	zo
20140123023709	http://d17ol771963kd3.cloudfront.net/129535/zo/A11_01_X_1314008738.jpg	2014_129535_A11_01_X_1314008738.jpg	zo
20141208041249	http://d17ol771963kd3.cloudfront.net/85196/zo/UhOVQR2dLgM.jpg	2014_85196_UhOVQR2dLgM.jpg	zo
20141105221419	http://d17ol771963kd3.cloudfront.net/85201/zo/kAzWuTlH2uA.jpg	2014_85201_kAzWuTlH2uA.jpg	zo
20140615180531	http://d17ol771963kd3.cloudfront.net/87071/zo/4mTQlEpbuTU.jpg	2014_87071_4mTQlEpbuTU.jpg	zo
20141007222936	http://d17ol771963kd3.cloudfront.net/71112/zo/6PbbSZZiM6w.jpg	2014_71112_6PbbSZZiM6w.jpg	zo
20140808162719	http://d17ol771963kd3.cloudfront.net/85317/zo/fCGLDOd-3pk.jpg	2014_85317_fCGLDOd-3pk.jpg	zo
20140807112746	http://d17ol771963kd3.cloudfront.net/86423/zo/QFaOTRUMNgQ.jpg	2014_86423_QFaOTRUMNgQ.jpg	zo
20141009080038	http://d17ol771963kd3.cloudfront.net/71124/zo/pZQU_3GNMwU.jpg	2014_71124_pZQU_3GNMwU.jpg	zo
20140807161957	http://d17ol771963kd3.cloudfront.net/86957/zo/5nVhOVf5uy0.jpg	2014_86957_5nVhOVf5uy0.jpg	zo
20140818142736	http://d17ol771963kd3.cloudfront.net/85831/zo/uBQbvZp8U0A.jpg	2014_85831_uBQbvZp8U0A.jpg	zo
20140617111809	http://d17ol771963kd3.cloudfront.net/85140/zo/9CulS_-HaT4.jpg	2014_85140_9CulS_-HaT4.jpg	zo
20140807162033	http://d17ol771963kd3.cloudfront.net/85231/zo/qnUsHN-Uiok.jpg	2014_85231_qnUsHN-Uiok.jpg	zo
20140618130348	http://d17ol771963kd3.cloudfront.net/86413/zo/KZrVaGJHelk.jpg	2014_86413_KZrVaGJHelk.jpg	zo
20140617111809	http://d17ol771963kd3.cloudfront.net/85145/zo/VJY_3_CZkpQ.jpg	2014_85145_VJY_3_CZkpQ.jpg	zo
20140203171639	http://d17ol771963kd3.cloudfront.net/68984/zo/2-oa2XP7wcQ.jpg	2014_68984_2-oa2XP7wcQ.jpg	zo
20140923161200	http://d17ol771963kd3.cloudfront.net/73766/zo/EuS1z3ol_3k.jpg	2014_73766_EuS1z3ol_3k.jpg	zo
20141208042532	http://d17ol771963kd3.cloudfront.net/85200/zo/SQz6-CBSU6E.jpg	2014_85200_SQz6-CBSU6E.jpg	zo
20140807113310	http://d17ol771963kd3.cloudfront.net/85120/zo/DP8-129xYRc.jpg	2014_85120_DP8-129xYRc.jpg	zo
20140807162023	http://d17ol771963kd3.cloudfront.net/86119/zo/yupqbY6pmF8.jpg	2014_86119_yupqbY6pmF8.jpg	zo
20141226235806	http://d17ol771963kd3.cloudfront.net/85821/zo/0mZLyLL0d5k.jpg	2014_85821_0mZLyLL0d5k.jpg	zo
20140730115221	http://d17ol771963kd3.cloudfront.net/88073/zo/te_GTvk1u7g.jpg	2014_88073_te_GTvk1u7g.jpg	zo
20140806220427	http://d17ol771963kd3.cloudfront.net/86205/zo/5VbXp3T24qw.jpg	2014_86205_5VbXp3T24qw.jpg	zo
20140807183418	http://d17ol771963kd3.cloudfront.net/86372/zo/H9t7B1WarJk.jpg	2014_86372_H9t7B1WarJk.jpg	zo
20140818142840	http://d17ol771963kd3.cloudfront.net/85117/zo/NzDQsgG51bk.jpg	2014_85117_NzDQsgG51bk.jpg	zo
20141008131532	http://d17ol771963kd3.cloudfront.net/71132/zo/_2NeMgpqYKE.jpg	2014_71132__2NeMgpqYKE.jpg	zo
20140807113054	http://d17ol771963kd3.cloudfront.net/86884/zo/Jv1CkKwsCTI.jpg	2014_86884_Jv1CkKwsCTI.jpg	zo
20140507145211	http://d17ol771963kd3.cloudfront.net/86052/zo/bEmRyMYFhvE.jpg	2014_86052_bEmRyMYFhvE.jpg	zo
20141014014652	http://d17ol771963kd3.cloudfront.net/71121/zo/ddwSa71JNyY.jpg	2014_71121_ddwSa71JNyY.jpg	zo
20140806220318	http://d17ol771963kd3.cloudfront.net/86213/zo/VGw86MuRcs8.jpg	2014_86213_VGw86MuRcs8.jpg	zo
20140806220246	http://d17ol771963kd3.cloudfront.net/86510/zo/tAIKXP7l44E.jpg	2014_86510_tAIKXP7l44E.jpg	zo
20140203172458	http://d17ol771963kd3.cloudfront.net/68973/zo/0koRkE28pKk.jpg	2014_68973_0koRkE28pKk.jpg	zo
20141217020844	http://d17ol771963kd3.cloudfront.net/87175/zo/LwD9qSvyibE.jpg	2014_87175_LwD9qSvyibE.jpg	zo
20140928041740	http://d17ol771963kd3.cloudfront.net/70989/zo/OEd2Stgygfs.jpg	2014_70989_OEd2Stgygfs.jpg	zo
20140807043348	http://d17ol771963kd3.cloudfront.net/85096/zo/3wb-Ve_DvyA.jpg	2014_85096_3wb-Ve_DvyA.jpg	zo
20140807153338	http://d17ol771963kd3.cloudfront.net/85169/zo/K7tNzUiINSc.jpg	2014_85169_K7tNzUiINSc.jpg	zo
20140927121928	http://d17ol771963kd3.cloudfront.net/137666/zo/4-cardigan_sweater_1329738919.jpg	2014_137666_4-cardigan_sweater_1329738919.jpg	zo
20140807043340	http://d17ol771963kd3.cloudfront.net/85093/zo/7mX6goK5kEw.jpg	2014_85093_7mX6goK5kEw.jpg	zo
20140807042922	http://d17ol771963kd3.cloudfront.net/86234/zo/fstFQjReP-k.jpg	2014_86234_fstFQjReP-k.jpg	zo
20140807043055	http://d17ol771963kd3.cloudfront.net/85103/zo/wbZYRZaNFV0.jpg	2014_85103_wbZYRZaNFV0.jpg	zo
20140807112813	http://d17ol771963kd3.cloudfront.net/85732/zo/4fJT1uAQrpU.jpg	2014_85732_4fJT1uAQrpU.jpg	zo
20140817201930	http://d17ol771963kd3.cloudfront.net/88209/zo/CYmvx735oRc.jpg	2014_88209_CYmvx735oRc.jpg	zo
20141017214411	http://d17ol771963kd3.cloudfront.net/85153/zo/Zdt7bzFm5mY.jpg	2014_85153_Zdt7bzFm5mY.jpg	zo
20141025163540	http://d17ol771963kd3.cloudfront.net/86116/zo/dy83xCuOvYc.jpg	2014_86116_dy83xCuOvYc.jpg	zo
20140618130744	http://d17ol771963kd3.cloudfront.net/86412/zo/86RiO1Gb9M8.jpg	2014_86412_86RiO1Gb9M8.jpg	zo
20141105222519	http://d17ol771963kd3.cloudfront.net/86604/zo/bL1JNg83yVI.jpg	2014_86604_bL1JNg83yVI.jpg	zo
20141227182026	http://d17ol771963kd3.cloudfront.net/85279/zo/V8vO0Cb6rbc.jpg	2014_85279_V8vO0Cb6rbc.jpg	zo
20141029025141	http://d17ol771963kd3.cloudfront.net/74192/zo/VKwp048pP38.jpg	2014_74192_VKwp048pP38.jpg	zo
20140807112814	http://d17ol771963kd3.cloudfront.net/86766/zo/YvlXwyDsLko.jpg	2014_86766_YvlXwyDsLko.jpg	zo
20141106122147	http://d17ol771963kd3.cloudfront.net/85759/zo/bWBCC__UxsA.jpg	2014_85759_bWBCC__UxsA.jpg	zo
20140520021816	http://d17ol771963kd3.cloudfront.net/148481/zo/0-canvas_coaches_jacket_1345454945.jpg	2014_148481_0-canvas_coaches_jacket_1345454945.jpg	zo
20140806232757	http://d17ol771963kd3.cloudfront.net/86376/zo/CofUcR0ncbs.jpg	2014_86376_CofUcR0ncbs.jpg	zo
20140815175323	http://d17ol771963kd3.cloudfront.net/85489/zo/LDaDOVC258A.jpg	2014_85489_LDaDOVC258A.jpg	zo
20140401131858	http://d17ol771963kd3.cloudfront.net/86857/zo/fYkJ7NEnBNM.jpg	2014_86857_fYkJ7NEnBNM.jpg	zo
20140807153356	http://d17ol771963kd3.cloudfront.net/85170/zo/tEWlxRfOguk.jpg	2014_85170_tEWlxRfOguk.jpg	zo
20140803094008	http://d17ol771963kd3.cloudfront.net/91072/zo/yNcY_al9sOw.jpg	2014_91072_yNcY_al9sOw.jpg	zo
20141125041428	http://d17ol771963kd3.cloudfront.net/92144/zo/4dYZYhqbTdw.jpg	2014_92144_4dYZYhqbTdw.jpg	zo
20140807203450	http://d17ol771963kd3.cloudfront.net/86465/zo/K_i-D1YUz08.jpg	2014_86465_K_i-D1YUz08.jpg	zo
20140626150439	http://d17ol771963kd3.cloudfront.net/153653/zo/IMG_1820_a_1350836680.jpg	2014_153653_IMG_1820_a_1350836680.jpg	zo
20140818142348	http://d17ol771963kd3.cloudfront.net/85165/zo/UnK7NClr1P4.jpg	2014_85165_UnK7NClr1P4.jpg	zo
20140807113705	http://d17ol771963kd3.cloudfront.net/86038/zo/ACWIgf13G8I.jpg	2014_86038_ACWIgf13G8I.jpg	zo
20140901160429	http://d17ol771963kd3.cloudfront.net/90308/zo/5ntFf9b3yC8.jpg	2014_90308_5ntFf9b3yC8.jpg	zo
20140806220434	http://d17ol771963kd3.cloudfront.net/86743/zo/LY8Dr_L-fz8.jpg	2014_86743_LY8Dr_L-fz8.jpg	zo
20140807161948	http://d17ol771963kd3.cloudfront.net/87072/zo/wMuIbJ4s8Zk.jpg	2014_87072_wMuIbJ4s8Zk.jpg	zo
20140806220456	http://d17ol771963kd3.cloudfront.net/85695/zo/mCtUJ0fuv1w.jpg	2014_85695_mCtUJ0fuv1w.jpg	zo
20140806220257	http://d17ol771963kd3.cloudfront.net/86526/zo/TvRlOMfN6Zw.jpg	2014_86526_TvRlOMfN6Zw.jpg	zo
20140807043012	http://d17ol771963kd3.cloudfront.net/86822/zo/3Isf9PDCMn4.jpg	2014_86822_3Isf9PDCMn4.jpg	zo
20140203173334	http://d17ol771963kd3.cloudfront.net/68989/zo/ai7rtq0h5tw.jpg	2014_68989_ai7rtq0h5tw.jpg	zo
20140406204631	http://d17ol771963kd3.cloudfront.net/167803/zo/8-t1_black02.jpg	2014_167803_8-t1_black02.jpg	zo
20140806220524	http://d17ol771963kd3.cloudfront.net/86551/zo/duxw-atkCKY.jpg	2014_86551_duxw-atkCKY.jpg	zo
20140807113506	http://d17ol771963kd3.cloudfront.net/86401/zo/Dc4V0Qkk6Ho.jpg	2014_86401_Dc4V0Qkk6Ho.jpg	zo
20141029025137	http://d17ol771963kd3.cloudfront.net/74191/zo/GUYNq8Wa2LE.jpg	2014_74191_GUYNq8Wa2LE.jpg	zo
20140807112832	http://d17ol771963kd3.cloudfront.net/87144/zo/TV0syyOc8Ng.jpg	2014_87144_TV0syyOc8Ng.jpg	zo
20140807043448	http://d17ol771963kd3.cloudfront.net/85085/zo/V3N87mjE05Q.jpg	2014_85085_V3N87mjE05Q.jpg	zo
20140819124809	http://d17ol771963kd3.cloudfront.net/88352/zo/LzI6i1heT_k.jpg	2014_88352_LzI6i1heT_k.jpg	zo
20140331132742	http://d17ol771963kd3.cloudfront.net/86435/zo/hJHoesI5AVE.jpg	2014_86435_hJHoesI5AVE.jpg	zo
20140730105012	http://d17ol771963kd3.cloudfront.net/88072/zo/ICs3LVPEadk.jpg	2014_88072_ICs3LVPEadk.jpg	zo
20140203171510	http://d17ol771963kd3.cloudfront.net/68985/zo/tG8X13rz9HU.jpg	2014_68985_tG8X13rz9HU.jpg	zo
20140818141539	http://d17ol771963kd3.cloudfront.net/85207/zo/wekGN2P7--o.jpg	2014_85207_wekGN2P7--o.jpg	zo
20140806220405	http://d17ol771963kd3.cloudfront.net/86218/zo/14O1dgNckpg.jpg	2014_86218_14O1dgNckpg.jpg	zo
20141227182055	http://d17ol771963kd3.cloudfront.net/85666/zo/s7ygOVL7HSk.jpg	2014_85666_s7ygOVL7HSk.jpg	zo
20140807113010	http://d17ol771963kd3.cloudfront.net/86406/zo/T3uajzjL_C8.jpg	2014_86406_T3uajzjL_C8.jpg	zo
20140806220236	http://d17ol771963kd3.cloudfront.net/86521/zo/H6X6ebr4skM.jpg	2014_86521_H6X6ebr4skM.jpg	zo
20140807043737	http://d17ol771963kd3.cloudfront.net/86751/zo/uNmIGIdOY5E.jpg	2014_86751_uNmIGIdOY5E.jpg	zo
20140928041747	http://d17ol771963kd3.cloudfront.net/70986/zo/1iUCPvGbvWk.jpg	2014_70986_1iUCPvGbvWk.jpg	zo
20140807113359	http://d17ol771963kd3.cloudfront.net/85175/zo/_mEEVKhS0A8.jpg	2014_85175__mEEVKhS0A8.jpg	zo
20140807162026	http://d17ol771963kd3.cloudfront.net/87140/zo/wRBbJg-NZ8o.jpg	2014_87140_wRBbJg-NZ8o.jpg	zo
20140818141644	http://d17ol771963kd3.cloudfront.net/85176/zo/qIBAm894wEU.jpg	2014_85176_qIBAm894wEU.jpg	zo
20140807153237	http://d17ol771963kd3.cloudfront.net/85225/zo/7LSftqmh12M.jpg	2014_85225_7LSftqmh12M.jpg	zo
20140807113400	http://d17ol771963kd3.cloudfront.net/85742/zo/J55cZNf6WEk.jpg	2014_85742_J55cZNf6WEk.jpg	zo
20140807043956	http://d17ol771963kd3.cloudfront.net/86341/zo/UoBpZMBBjus.jpg	2014_86341_UoBpZMBBjus.jpg	zo
20140423195040	http://d17ol771963kd3.cloudfront.net/86734/zo/_Y18laWPT0Q.jpg	2014_86734__Y18laWPT0Q.jpg	zo
20140807113010	http://d17ol771963kd3.cloudfront.net/86366/zo/9udFOOZGaIw.jpg	2014_86366_9udFOOZGaIw.jpg	zo
20140821171815	http://d17ol771963kd3.cloudfront.net/85235/zo/cCJK1CG_ZIo.jpg	2014_85235_cCJK1CG_ZIo.jpg	zo
20140806220329	http://d17ol771963kd3.cloudfront.net/86170/zo/Eo_QGGcPww0.jpg	2014_86170_Eo_QGGcPww0.jpg	zo
20140806220309	http://d17ol771963kd3.cloudfront.net/86538/zo/AdE3eHiOCxE.jpg	2014_86538_AdE3eHiOCxE.jpg	zo
20141227182033	http://d17ol771963kd3.cloudfront.net/86410/zo/Mlm8vYSP7YY.jpg	2014_86410_Mlm8vYSP7YY.jpg	zo
20140818142809	http://d17ol771963kd3.cloudfront.net/85127/zo/6meDNj6Qakc.jpg	2014_85127_6meDNj6Qakc.jpg	zo
20140402041445	http://d17ol771963kd3.cloudfront.net/86855/zo/1lBDWleCgrc.jpg	2014_86855_1lBDWleCgrc.jpg	zo
20140203173640	http://d17ol771963kd3.cloudfront.net/68975/zo/hAtuuaX60Yk.jpg	2014_68975_hAtuuaX60Yk.jpg	zo
20140806220743	http://d17ol771963kd3.cloudfront.net/86650/zo/je43dTZTZlI.jpg	2014_86650_je43dTZTZlI.jpg	zo
20140203172830	http://d17ol771963kd3.cloudfront.net/68978/zo/pKNfeYlTqNc.jpg	2014_68978_pKNfeYlTqNc.jpg	zo
20140806223552	http://d17ol771963kd3.cloudfront.net/86591/zo/rl9W0nbLtIQ.jpg	2014_86591_rl9W0nbLtIQ.jpg	zo
20141006205902	http://d17ol771963kd3.cloudfront.net/71116/zo/M7hsIEIQx5k.jpg	2014_71116_M7hsIEIQx5k.jpg	zo
20140807113808	http://d17ol771963kd3.cloudfront.net/85794/zo/goh8PkvK8WI.jpg	2014_85794_goh8PkvK8WI.jpg	zo
20140807043059	http://d17ol771963kd3.cloudfront.net/85102/zo/NyhZFdCdRAs.jpg	2014_85102_NyhZFdCdRAs.jpg	zo
20140806232758	http://d17ol771963kd3.cloudfront.net/86882/zo/cjwgfLfwZTA.jpg	2014_86882_cjwgfLfwZTA.jpg	zo
20140808162310	http://d17ol771963kd3.cloudfront.net/88059/zo/pyGLtYfYm7o.jpg	2014_88059_pyGLtYfYm7o.jpg	zo
20150826144634	http://d17ol771963kd3.cloudfront.net/102363/zo/gZJJ-OQzKP0.jpg	2015_102363_gZJJ-OQzKP0.jpg	zo
20150922105208	http://d17ol771963kd3.cloudfront.net/87012/zo/2eBEtA6nsvI.jpg	2015_87012_2eBEtA6nsvI.jpg	zo
20151214144847	http://d17ol771963kd3.cloudfront.net/87167/zo/KFpsXYdgtVY.jpg	2015_87167_KFpsXYdgtVY.jpg	zo
20151215120826	http://d17ol771963kd3.cloudfront.net/91121/zo/nfukMkU2PYU.jpg	2015_91121_nfukMkU2PYU.jpg	zo
20150922110554	http://d17ol771963kd3.cloudfront.net/87159/zo/Vmpndv7TI0Q.jpg	2015_87159_Vmpndv7TI0Q.jpg	zo
20151216131939	http://d17ol771963kd3.cloudfront.net/93966/zo/_bW2kdLetWc.jpg	2015_93966__bW2kdLetWc.jpg	zo
20150811212905	http://d17ol771963kd3.cloudfront.net/71448/zo/9ZUQMtEz7bk.jpg	2015_71448_9ZUQMtEz7bk.jpg	zo
20150518152917	http://d17ol771963kd3.cloudfront.net/95382/zo/SppeQS3ND_Y.jpg	2015_95382_SppeQS3ND_Y.jpg	zo
20151207021836	http://d17ol771963kd3.cloudfront.net/94636/zo/FGPPJw4aHf4.jpg	2015_94636_FGPPJw4aHf4.jpg	zo
20151229071630	http://d17ol771963kd3.cloudfront.net/94589/zo/4GR-EOudrUg.jpg	2015_94589_4GR-EOudrUg.jpg	zo
20151207061555	http://d17ol771963kd3.cloudfront.net/85223/zo/C3Emcjrnic4.jpg	2015_85223_C3Emcjrnic4.jpg	zo
20151028121848	http://d17ol771963kd3.cloudfront.net/88084/zo/O-I1bKahkzU.jpg	2015_88084_O-I1bKahkzU.jpg	zo
20150411162305	http://d17ol771963kd3.cloudfront.net/97308/zo/iBrKgqZ1SCo.jpg	2015_97308_iBrKgqZ1SCo.jpg	zo
20150910125227	http://d17ol771963kd3.cloudfront.net/88574/zo/ZAsExzdNuks.jpg	2015_88574_ZAsExzdNuks.jpg	zo
20151216131720	http://d17ol771963kd3.cloudfront.net/94646/zo/Aiu1j1-zjt8.jpg	2015_94646_Aiu1j1-zjt8.jpg	zo
20150411220803	http://d17ol771963kd3.cloudfront.net/97399/zo/Gi7-n2FuRk4.jpg	2015_97399_Gi7-n2FuRk4.jpg	zo
20151207144500	http://d17ol771963kd3.cloudfront.net/86801/zo/ZqmkNVdAnLQ.jpg	2015_86801_ZqmkNVdAnLQ.jpg	zo
20151212131833	http://d17ol771963kd3.cloudfront.net/88388/zo/ITpd3nmgSZU.jpg	2015_88388_ITpd3nmgSZU.jpg	zo
20150529183551	http://d17ol771963kd3.cloudfront.net/86798/zo/gRr65kxXkwU.jpg	2015_86798_gRr65kxXkwU.jpg	zo
20151015202815	http://d17ol771963kd3.cloudfront.net/90399/zo/tbiFsJvYTZ4.jpg	2015_90399_tbiFsJvYTZ4.jpg	zo
20151207225918	http://d17ol771963kd3.cloudfront.net/86030/zo/OqehsD5jsYA.jpg	2015_86030_OqehsD5jsYA.jpg	zo
20150808081746	http://d17ol771963kd3.cloudfront.net/89900/zo/7Edgbet3OCQ.jpg	2015_89900_7Edgbet3OCQ.jpg	zo
20151216132059	http://d17ol771963kd3.cloudfront.net/93924/zo/bKoh7j1OM_8.jpg	2015_93924_bKoh7j1OM_8.jpg	zo
20151216132015	http://d17ol771963kd3.cloudfront.net/93929/zo/fjJauaLiGg8.jpg	2015_93929_fjJauaLiGg8.jpg	zo
20151208112040	http://d17ol771963kd3.cloudfront.net/94425/zo/F5_PHxz-g7U.jpg	2015_94425_F5_PHxz-g7U.jpg	zo
20150521174319	http://d17ol771963kd3.cloudfront.net/85257/zo/MYDXTe5yv54.jpg	2015_85257_MYDXTe5yv54.jpg	zo
20151014144944	http://d17ol771963kd3.cloudfront.net/94210/zo/noowue2gfLs.jpg	2015_94210_noowue2gfLs.jpg	zo
20151208193759	http://d17ol771963kd3.cloudfront.net/94854/zo/Uv-eDAQzTe4.jpg	2015_94854_Uv-eDAQzTe4.jpg	zo
20150617150004	http://d17ol771963kd3.cloudfront.net/95526/zo/C1o4gmKsExw.jpg	2015_95526_C1o4gmKsExw.jpg	zo
20151105143203	http://d17ol771963kd3.cloudfront.net/86379/zo/KsDtBPfp4zI.jpg	2015_86379_KsDtBPfp4zI.jpg	zo
20150922104643	http://d17ol771963kd3.cloudfront.net/86853/zo/TdkG8Z_PemU.jpg	2015_86853_TdkG8Z_PemU.jpg	zo
20151025125202	http://d17ol771963kd3.cloudfront.net/90237/zo/Gu3TasGNp_I.jpg	2015_90237_Gu3TasGNp_I.jpg	zo
20151208123712	http://d17ol771963kd3.cloudfront.net/87321/zo/sDyBaLq80B0.jpg	2015_87321_sDyBaLq80B0.jpg	zo
20151207020404	http://d17ol771963kd3.cloudfront.net/90490/zo/bel_q8VbxXQ.jpg	2015_90490_bel_q8VbxXQ.jpg	zo
20150810170533	http://d17ol771963kd3.cloudfront.net/72300/zo/651Qsk20j8U.jpg	2015_72300_651Qsk20j8U.jpg	zo
20151203041034	http://d17ol771963kd3.cloudfront.net/95538/zo/FpR72tKY8xE.jpg	2015_95538_FpR72tKY8xE.jpg	zo
20150804010211	http://d17ol771963kd3.cloudfront.net/98439/zo/FFqJEkjuB5g.jpg	2015_98439_FFqJEkjuB5g.jpg	zo
20150411130014	http://d17ol771963kd3.cloudfront.net/167923/zo/9-p8_dark_pink01.jpg	2015_167923_9-p8_dark_pink01.jpg	zo
20150502040044	http://d17ol771963kd3.cloudfront.net/88121/zo/YuLVHRf7I68.jpg	2015_88121_YuLVHRf7I68.jpg	zo
20150812033332	http://d17ol771963kd3.cloudfront.net/160902/zo/0-J3_red01_1361187974.jpg	2015_160902_0-J3_red01_1361187974.jpg	zo
20151214083049	http://d17ol771963kd3.cloudfront.net/108941/zo/PIWk8zC2SzI.jpg	2015_108941_PIWk8zC2SzI.jpg	zo
20151016021130	http://d17ol771963kd3.cloudfront.net/91115/zo/AX8_ep0VLZo.jpg	2015_91115_AX8_ep0VLZo.jpg	zo
20151207021014	http://d17ol771963kd3.cloudfront.net/88575/zo/-6pY1EYB9WI.jpg	2015_88575_-6pY1EYB9WI.jpg	zo
20150807192313	http://d17ol771963kd3.cloudfront.net/87986/zo/80vKcBXdZ-s.jpg	2015_87986_80vKcBXdZ-s.jpg	zo
20151016143408	http://d17ol771963kd3.cloudfront.net/95853/zo/Tb5GxrWCYKE.jpg	2015_95853_Tb5GxrWCYKE.jpg	zo
20151231182837	http://d17ol771963kd3.cloudfront.net/89532/zo/asjiM4v9ffc.jpg	2015_89532_asjiM4v9ffc.jpg	zo
20151020063737	http://d17ol771963kd3.cloudfront.net/85277/zo/QuWDnNlJ_3Q.jpg	2015_85277_QuWDnNlJ_3Q.jpg	zo
20150812010355	http://d17ol771963kd3.cloudfront.net/93260/zo/YT-eNvm8dcs.jpg	2015_93260_YT-eNvm8dcs.jpg	zo
20150812004124	http://d17ol771963kd3.cloudfront.net/88662/zo/p5pkw4cNJa3.jpg	2015_88662_p5pkw4cNJa3.jpg	zo
20150810221325	http://d17ol771963kd3.cloudfront.net/72073/zo/2WLGv2UvumI.jpg	2015_72073_2WLGv2UvumI.jpg	zo
20151016100928	http://d17ol771963kd3.cloudfront.net/91117/zo/3aJYpdS7ugA.jpg	2015_91117_3aJYpdS7ugA.jpg	zo
20150812075539	http://d17ol771963kd3.cloudfront.net/69341/zo/leE2ntlqrD8.jpg	2015_69341_leE2ntlqrD8.jpg	zo
20151212130750	http://d17ol771963kd3.cloudfront.net/88027/zo/4t0kRvHmdVk.jpg	2015_88027_4t0kRvHmdVk.jpg	zo
20150929072924	http://d17ol771963kd3.cloudfront.net/105176/zo/FbBC4ygp9_4.jpg	2015_105176_FbBC4ygp9_4.jpg	zo
20150821022304	http://d17ol771963kd3.cloudfront.net/87138/zo/Izl14HghrLY.jpg	2015_87138_Izl14HghrLY.jpg	zo
20150814150752	http://d17ol771963kd3.cloudfront.net/88941/zo/GeegeUjGMD8.jpg	2015_88941_GeegeUjGMD8.jpg	zo
20150812010627	http://d17ol771963kd3.cloudfront.net/95109/zo/bPMRiXZpAjE.jpg	2015_95109_bPMRiXZpAjE.jpg	zo
20151028122840	http://d17ol771963kd3.cloudfront.net/90741/zo/HoKTb0P8sYU.jpg	2015_90741_HoKTb0P8sYU.jpg	zo
20150804075838	http://d17ol771963kd3.cloudfront.net/129544/zo/A4_02_1314008741.jpg	2015_129544_A4_02_1314008741.jpg	zo
20150922104244	http://d17ol771963kd3.cloudfront.net/85276/zo/rR8jCMx86e4.jpg	2015_85276_rR8jCMx86e4.jpg	zo
20150831172534	http://d17ol771963kd3.cloudfront.net/90002/zo/yKY9gTUTiM4.jpg	2015_90002_yKY9gTUTiM4.jpg	zo
20151207020433	http://d17ol771963kd3.cloudfront.net/88051/zo/JBYvv8I8Ba8.jpg	2015_88051_JBYvv8I8Ba8.jpg	zo
20150812075523	http://d17ol771963kd3.cloudfront.net/87788/zo/VhoSluAvJyI.jpg	2015_87788_VhoSluAvJyI.jpg	zo
20150922105608	http://d17ol771963kd3.cloudfront.net/86989/zo/-FVoUE-lTD0.jpg	2015_86989_-FVoUE-lTD0.jpg	zo
20151214144804	http://d17ol771963kd3.cloudfront.net/86763/zo/rOGpWW-hTXI.jpg	2015_86763_rOGpWW-hTXI.jpg	zo
20150804012051	http://d17ol771963kd3.cloudfront.net/92918/zo/9-1mUj55C3k.jpg	2015_92918_9-1mUj55C3k.jpg	zo
20150614203337	http://d17ol771963kd3.cloudfront.net/88824/zo/yWN4MK3eB3w.jpg	2015_88824_yWN4MK3eB3w.jpg	zo
20150326052113	http://d17ol771963kd3.cloudfront.net/89233/zo/IN_Rp48Uh1M.jpg	2015_89233_IN_Rp48Uh1M.jpg	zo
20150807092808	http://d17ol771963kd3.cloudfront.net/97458/zo/ziMmW-RI_Fk1.jpg	2015_97458_ziMmW-RI_Fk1.jpg	zo
20151208111058	http://d17ol771963kd3.cloudfront.net/87158/zo/tKKf9C1e0U8.jpg	2015_87158_tKKf9C1e0U8.jpg	zo
20150804010245	http://d17ol771963kd3.cloudfront.net/91700/zo/_5n1ZKqaQ1Q2.jpg	2015_91700__5n1ZKqaQ1Q2.jpg	zo
20151202224617	http://d17ol771963kd3.cloudfront.net/167654/zo/0-s12_red.jpg	2015_167654_0-s12_red.jpg	zo
20150922110300	http://d17ol771963kd3.cloudfront.net/87136/zo/JcU0mUt_tkE.jpg	2015_87136_JcU0mUt_tkE.jpg	zo
20151231183507	http://d17ol771963kd3.cloudfront.net/90936/zo/4aO7GaWWdPM.jpg	2015_90936_4aO7GaWWdPM.jpg	zo
20151214082948	http://d17ol771963kd3.cloudfront.net/94360/zo/9HYEYpo25oA.jpg	2015_94360_9HYEYpo25oA.jpg	zo
20151130215618	http://d17ol771963kd3.cloudfront.net/86461/zo/w7NTjsUTcIo.jpg	2015_86461_w7NTjsUTcIo.jpg	zo
20150812133046	http://d17ol771963kd3.cloudfront.net/148361/zo/0-three_six_mafia_tee_1345454920.jpg	2015_148361_0-three_six_mafia_tee_1345454920.jpg	zo
20151020100649	http://d17ol771963kd3.cloudfront.net/97653/zo/KFj8EGS8cXs.jpg	2015_97653_KFj8EGS8cXs.jpg	zo
20150828053312	http://d17ol771963kd3.cloudfront.net/89369/zo/7QsdeP5PPpk.jpg	2015_89369_7QsdeP5PPpk.jpg	zo
20151028122113	http://d17ol771963kd3.cloudfront.net/88561/zo/OQ1v1iphTQM.jpg	2015_88561_OQ1v1iphTQM.jpg	zo
20150826031741	http://d17ol771963kd3.cloudfront.net/101551/zo/5PO6x_NtAps.jpg	2015_101551_5PO6x_NtAps.jpg	zo
20151216132248	http://d17ol771963kd3.cloudfront.net/93231/zo/v5XNkiRost4.jpg	2015_93231_v5XNkiRost4.jpg	zo
20151203044847	http://d17ol771963kd3.cloudfront.net/89875/zo/Zn3zcbMq_Y8.jpg	2015_89875_Zn3zcbMq_Y8.jpg	zo
20150810063538	http://d17ol771963kd3.cloudfront.net/92656/zo/8BgcMLa0_mI1.jpg	2015_92656_8BgcMLa0_mI1.jpg	zo
20150804012048	http://d17ol771963kd3.cloudfront.net/92566/zo/EE49-21FgnA.jpg	2015_92566_EE49-21FgnA.jpg	zo
20150327001900	http://d17ol771963kd3.cloudfront.net/86140/zo/tlK0aWIye7Q.jpg	2015_86140_tlK0aWIye7Q.jpg	zo
20151207090525	http://d17ol771963kd3.cloudfront.net/86364/zo/L8eiikyXU3s.jpg	2015_86364_L8eiikyXU3s.jpg	zo
20150326172945	http://d17ol771963kd3.cloudfront.net/86570/zo/GleiqhQJJwg.jpg	2015_86570_GleiqhQJJwg.jpg	zo
20151216132435	http://d17ol771963kd3.cloudfront.net/95728/zo/i84PBfyDrMU.jpg	2015_95728_i84PBfyDrMU.jpg	zo
20151216141451	http://d17ol771963kd3.cloudfront.net/88522/zo/3GK92b5Fq8o.jpg	2015_88522_3GK92b5Fq8o.jpg	zo
20150820200350	http://d17ol771963kd3.cloudfront.net/93553/zo/9_z7qX1wskg.jpg	2015_93553_9_z7qX1wskg.jpg	zo
20151211145610	http://d17ol771963kd3.cloudfront.net/108998/zo/c-xx4Lkuo_g.jpg	2015_108998_c-xx4Lkuo_g.jpg	zo
20151207045327	http://d17ol771963kd3.cloudfront.net/86416/zo/yT8wMrEswM0.jpg	2015_86416_yT8wMrEswM0.jpg	zo
20151124111052	http://d17ol771963kd3.cloudfront.net/90979/zo/kNhsrLcl58g.jpg	2015_90979_kNhsrLcl58g.jpg	zo
20150529184133	http://d17ol771963kd3.cloudfront.net/85272/zo/Cttr0Neu10c.jpg	2015_85272_Cttr0Neu10c.jpg	zo
20151105142833	http://d17ol771963kd3.cloudfront.net/85174/zo/LpuodEfX7P8.jpg	2015_85174_LpuodEfX7P8.jpg	zo
20151207050645	http://d17ol771963kd3.cloudfront.net/95797/zo/l15OW_EU24E.jpg	2015_95797_l15OW_EU24E.jpg	zo
20150807185706	http://d17ol771963kd3.cloudfront.net/101204/zo/cAfeF0Ig_hU.jpg	2015_101204_cAfeF0Ig_hU.jpg	zo
20150910125318	http://d17ol771963kd3.cloudfront.net/88566/zo/Kg6YpdU_zaU.jpg	2015_88566_Kg6YpdU_zaU.jpg	zo
20151207035023	http://d17ol771963kd3.cloudfront.net/101591/zo/WU9m6Sd4NEc.jpg	2015_101591_WU9m6Sd4NEc.jpg	zo
20150620203146	http://d17ol771963kd3.cloudfront.net/94073/zo/7FyUzCi9Kb8.jpg	2015_94073_7FyUzCi9Kb8.jpg	zo
20151014140150	http://d17ol771963kd3.cloudfront.net/90392/zo/QA_FgYevuxY.jpg	2015_90392_QA_FgYevuxY.jpg	zo
20150411162409	http://d17ol771963kd3.cloudfront.net/97765/zo/McA2nBsQk98.jpg	2015_97765_McA2nBsQk98.jpg	zo
20150223103431	http://d17ol771963kd3.cloudfront.net/89447/zo/dlrb4n3csuY.jpg	2015_89447_dlrb4n3csuY.jpg	zo
20151207053231	http://d17ol771963kd3.cloudfront.net/93236/zo/O53mRSOJ32w.jpg	2015_93236_O53mRSOJ32w.jpg	zo
20150817130030	http://d17ol771963kd3.cloudfront.net/85233/zo/oa5C4dDLdTY.jpg	2015_85233_oa5C4dDLdTY.jpg	zo
20151231094806	http://d17ol771963kd3.cloudfront.net/90688/zo/nSzocgS6O1M.jpg	2015_90688_nSzocgS6O1M.jpg	zo
20151009063721	http://d17ol771963kd3.cloudfront.net/110864/zo/0uj4jA2IHPQ.jpg	2015_110864_0uj4jA2IHPQ.jpg	zo
20151216132021	http://d17ol771963kd3.cloudfront.net/93947/zo/3YXgCERaizc.jpg	2015_93947_3YXgCERaizc.jpg	zo
20151016100941	http://d17ol771963kd3.cloudfront.net/91118/zo/ATq__ovnuXg.jpg	2015_91118_ATq__ovnuXg.jpg	zo
20151201075633	http://d17ol771963kd3.cloudfront.net/111509/zo/smTtv_F-Chk.jpg	2015_111509_smTtv_F-Chk.jpg	zo
20151103232111	http://d17ol771963kd3.cloudfront.net/86693/zo/GMfvs2VaHUM.jpg	2015_86693_GMfvs2VaHUM.jpg	zo
20151014135900	http://d17ol771963kd3.cloudfront.net/90398/zo/yumNsajDKqg.jpg	2015_90398_yumNsajDKqg.jpg	zo
20150922110612	http://d17ol771963kd3.cloudfront.net/87164/zo/tIr4MUMdn3w.jpg	2015_87164_tIr4MUMdn3w.jpg	zo
20151215120849	http://d17ol771963kd3.cloudfront.net/89516/zo/43XmrCWYAE8.jpg	2015_89516_43XmrCWYAE8.jpg	zo
20151221011036	http://d17ol771963kd3.cloudfront.net/86354/zo/uoRchGDKK7M.jpg	2015_86354_uoRchGDKK7M.jpg	zo
20150812075526	http://d17ol771963kd3.cloudfront.net/87736/zo/XOX44H3q9_M1.jpg	2015_87736_XOX44H3q9_M1.jpg	zo
20150806123535	http://d17ol771963kd3.cloudfront.net/97362/zo/OzxOmRq3HPs1.jpg	2015_97362_OzxOmRq3HPs1.jpg	zo
20150816173253	http://d17ol771963kd3.cloudfront.net/74194/zo/8ZDC2NwLQLk.jpg	2015_74194_8ZDC2NwLQLk.jpg	zo
20151207053300	http://d17ol771963kd3.cloudfront.net/93338/zo/Yvb-0Ehr8wc.jpg	2015_93338_Yvb-0Ehr8wc.jpg	zo
20150811212907	http://d17ol771963kd3.cloudfront.net/71450/zo/jAYbyELYYUg.jpg	2015_71450_jAYbyELYYUg.jpg	zo
20151207043714	http://d17ol771963kd3.cloudfront.net/88808/zo/Sgs-UJ2vnJM.jpg	2015_88808_Sgs-UJ2vnJM.jpg	zo
20150812010439	http://d17ol771963kd3.cloudfront.net/94572/zo/JmhJt6Vmrfg.jpg	2015_94572_JmhJt6Vmrfg.jpg	zo
20151212130803	http://d17ol771963kd3.cloudfront.net/88580/zo/Pf017za0420.jpg	2015_88580_Pf017za0420.jpg	zo
20150804012050	http://d17ol771963kd3.cloudfront.net/97336/zo/5oLEyEikbKQ1.jpg	2015_97336_5oLEyEikbKQ1.jpg	zo
20151028024340	http://d17ol771963kd3.cloudfront.net/95712/zo/Orpw0rSvagY.jpg	2015_95712_Orpw0rSvagY.jpg	zo
20150804012048	http://d17ol771963kd3.cloudfront.net/97338/zo/K3ETcM3hZnE.jpg	2015_97338_K3ETcM3hZnE.jpg	zo
20151231094739	http://d17ol771963kd3.cloudfront.net/90667/zo/Py8qeV0e_C0.jpg	2015_90667_Py8qeV0e_C0.jpg	zo
20151231094149	http://d17ol771963kd3.cloudfront.net/86420/zo/6mMsFRqRTUY.jpg	2015_86420_6mMsFRqRTUY.jpg	zo
20150812122028	http://d17ol771963kd3.cloudfront.net/167941/zo/10-bn15_group.jpg	2015_167941_10-bn15_group.jpg	zo
20150922105019	http://d17ol771963kd3.cloudfront.net/86569/zo/q6hZ7SX0rOw.jpg	2015_86569_q6hZ7SX0rOw.jpg	zo
20151216132202	http://d17ol771963kd3.cloudfront.net/94818/zo/ZPrKKUNSTnM.jpg	2015_94818_ZPrKKUNSTnM.jpg	zo
20151128022925	http://d17ol771963kd3.cloudfront.net/101461/zo/raocaFs50g4.jpg	2015_101461_raocaFs50g4.jpg	zo
20150804012051	http://d17ol771963kd3.cloudfront.net/92919/zo/6lYg68gJFaY.jpg	2015_92919_6lYg68gJFaY.jpg	zo
20151216132145	http://d17ol771963kd3.cloudfront.net/94799/zo/4c6vNCmmwGw.jpg	2015_94799_4c6vNCmmwGw.jpg	zo
20151201031643	http://d17ol771963kd3.cloudfront.net/90494/zo/euj2AxW_ycY.jpg	2015_90494_euj2AxW_ycY.jpg	zo
20151216025925	http://d17ol771963kd3.cloudfront.net/92638/zo/o0dp0JGvcx1.jpg	2015_92638_o0dp0JGvcx1.jpg	zo
20150826012004	http://d17ol771963kd3.cloudfront.net/88420/zo/tqj7nVGLWwg.jpg	2015_88420_tqj7nVGLWwg.jpg	zo
20151025194959	http://d17ol771963kd3.cloudfront.net/167830/zo/6-kn7_royal.jpg	2015_167830_6-kn7_royal.jpg	zo
20150408013854	http://d17ol771963kd3.cloudfront.net/93479/zo/4BYnbsl0ABo.jpg	2015_93479_4BYnbsl0ABo.jpg	zo
20151220050435	http://d17ol771963kd3.cloudfront.net/95514/zo/I4NlpPmqOGY.jpg	2015_95514_I4NlpPmqOGY.jpg	zo
20150808080330	http://d17ol771963kd3.cloudfront.net/93804/zo/auSxfo50M6U.jpg	2015_93804_auSxfo50M6U.jpg	zo
20151216132220	http://d17ol771963kd3.cloudfront.net/94841/zo/0uCNTQ9QzIk.jpg	2015_94841_0uCNTQ9QzIk.jpg	zo
20150411171153	http://d17ol771963kd3.cloudfront.net/97761/zo/yVdGkIXxnj5.jpg	2015_97761_yVdGkIXxnj5.jpg	zo
20150922104157	http://d17ol771963kd3.cloudfront.net/85163/zo/oxeZPs3Lw0o.jpg	2015_85163_oxeZPs3Lw0o.jpg	zo
20150812011144	http://d17ol771963kd3.cloudfront.net/93651/zo/iI_6ZcltJlc.jpg	2015_93651_iI_6ZcltJlc.jpg	zo
20150813141849	http://d17ol771963kd3.cloudfront.net/71364/zo/lVYzIHa9Ft4.jpg	2015_71364_lVYzIHa9Ft4.jpg	zo
20150805164730	http://d17ol771963kd3.cloudfront.net/97802/zo/utUcI0sr-0M1.jpg	2015_97802_utUcI0sr-0M1.jpg	zo
20150826033639	http://d17ol771963kd3.cloudfront.net/102486/zo/fpksZN1f3mY.jpg	2015_102486_fpksZN1f3mY.jpg	zo
20151028123116	http://d17ol771963kd3.cloudfront.net/88015/zo/v9U_3L8CV6U.jpg	2015_88015_v9U_3L8CV6U.jpg	zo
20151105114306	http://d17ol771963kd3.cloudfront.net/89836/zo/sEm9U_nFgXk.jpg	2015_89836_sEm9U_nFgXk.jpg	zo
20150404180122	http://d17ol771963kd3.cloudfront.net/94858/zo/qQXZU08MjyI.jpg	2015_94858_qQXZU08MjyI.jpg	zo
20150806171249	http://d17ol771963kd3.cloudfront.net/93403/zo/hithJUPVwuQ.jpg	2015_93403_hithJUPVwuQ.jpg	zo
20150820042325	http://d17ol771963kd3.cloudfront.net/86666/zo/D2gEdvl2q8g.jpg	2015_86666_D2gEdvl2q8g.jpg	zo
20150411155623	http://d17ol771963kd3.cloudfront.net/97401/zo/fcm9mHnovxE1.jpg	2015_97401_fcm9mHnovxE1.jpg	zo
20151028121843	http://d17ol771963kd3.cloudfront.net/90074/zo/yXH_mvs5d9k.jpg	2015_90074_yXH_mvs5d9k.jpg	zo
20151216131651	http://d17ol771963kd3.cloudfront.net/94574/zo/sPOP3CQ-tm4.jpg	2015_94574_sPOP3CQ-tm4.jpg	zo
20151118065000	http://d17ol771963kd3.cloudfront.net/85505/zo/bMa3n3kEkTI.jpg	2015_85505_bMa3n3kEkTI.jpg	zo
20150814132800	http://d17ol771963kd3.cloudfront.net/89059/zo/U6S5Hb_Qe3s.jpg	2015_89059_U6S5Hb_Qe3s.jpg	zo
20151014140152	http://d17ol771963kd3.cloudfront.net/90400/zo/lxVDllkbYqI.jpg	2015_90400_lxVDllkbYqI.jpg	zo
20151216131829	http://d17ol771963kd3.cloudfront.net/93678/zo/5incdRQ-b2U.jpg	2015_93678_5incdRQ-b2U.jpg	zo
20151028024741	http://d17ol771963kd3.cloudfront.net/95277/zo/o9fiTk5Lj48.jpg	2015_95277_o9fiTk5Lj48.jpg	zo
20151028122516	http://d17ol771963kd3.cloudfront.net/90468/zo/vf6XLFHSSUo.jpg	2015_90468_vf6XLFHSSUo.jpg	zo
20151105115126	http://d17ol771963kd3.cloudfront.net/88556/zo/bRQPn_tS-Pk.jpg	2015_88556_bRQPn_tS-Pk.jpg	zo
20150929072936	http://d17ol771963kd3.cloudfront.net/107288/zo/S4js8LpgYRw.jpg	2015_107288_S4js8LpgYRw.jpg	zo
20150817120346	http://d17ol771963kd3.cloudfront.net/93975/zo/4IfhZFQ0n6g.jpg	2015_93975_4IfhZFQ0n6g.jpg	zo
20150804195123	http://d17ol771963kd3.cloudfront.net/87262/zo/JTWkLGgyUBc.jpg	2015_87262_JTWkLGgyUBc.jpg	zo
20150922111941	http://d17ol771963kd3.cloudfront.net/88558/zo/xXBDJnYXviA.jpg	2015_88558_xXBDJnYXviA.jpg	zo
20150831172547	http://d17ol771963kd3.cloudfront.net/88386/zo/d8JVv4AMFaY.jpg	2015_88386_d8JVv4AMFaY.jpg	zo
20150816183559	http://d17ol771963kd3.cloudfront.net/94477/zo/6wCaC2AOoMo.jpg	2015_94477_6wCaC2AOoMo.jpg	zo
20151222143146	http://d17ol771963kd3.cloudfront.net/87997/zo/UpnqU9yDHXA.jpg	2015_87997_UpnqU9yDHXA.jpg	zo
20160503025802	http://d17ol771963kd3.cloudfront.net/102210/zo/xUYcWIGADHc.jpg	2016_102210_xUYcWIGADHc.jpg	zo
20160511064933	http://d17ol771963kd3.cloudfront.net/160333/zo/1-J6_BrightPink02_1361187754.jpg	2016_160333_1-J6_BrightPink02_1361187754.jpg	zo
20160313065802	http://d17ol771963kd3.cloudfront.net/137781/zo/16-basketweave_camp_cap_1329738972.jpg	2016_137781_16-basketweave_camp_cap_1329738972.jpg	zo
20160409225249	http://d17ol771963kd3.cloudfront.net/148665/zo/2-8_ball_scarf_1345454981.jpg	2016_148665_2-8_ball_scarf_1345454981.jpg	zo
20161214194128	http://d17ol771963kd3.cloudfront.net/111566/zo/XUQDIGfGi6o.jpg	2016_111566_XUQDIGfGi6o.jpg	zo
20160115145946	http://d17ol771963kd3.cloudfront.net/88328/zo/0SbzCfLHaLE.jpg	2016_88328_0SbzCfLHaLE.jpg	zo
20160504164730	http://d17ol771963kd3.cloudfront.net/160713/zo/0-SH7_black01_1361187900.jpg	2016_160713_0-SH7_black01_1361187900.jpg	zo
20160602082336	http://d17ol771963kd3.cloudfront.net/118714/zo/LQjBSdkVdUo.jpg	2016_118714_LQjBSdkVdUo.jpg	zo
20161210210250	http://d17ol771963kd3.cloudfront.net/167966/zo/3-candle_group.jpg	2016_167966_3-candle_group.jpg	zo
20161020113439	http://d17ol771963kd3.cloudfront.net/94287/zo/wQyB49ejCww.jpg	2016_94287_wQyB49ejCww.jpg	zo
20160815181046	http://d17ol771963kd3.cloudfront.net/148485/zo/2-canvas_coaches_jacket_1345454945.jpg	2016_148485_2-canvas_coaches_jacket_1345454945.jpg	zo
20160118073732	http://d17ol771963kd3.cloudfront.net/88379/zo/pVnDXgeUq-Q.jpg	2016_88379_pVnDXgeUq-Q.jpg	zo
20161105113405	http://d17ol771963kd3.cloudfront.net/89143/zo/-8PcgTI5vm4.jpg	2016_89143_-8PcgTI5vm4.jpg	zo
20161119190406	http://d17ol771963kd3.cloudfront.net/93003/zo/mFhKleqImuw.jpg	2016_93003_mFhKleqImuw.jpg	zo
20160628193012	http://d17ol771963kd3.cloudfront.net/87332/zo/LCHZqhAgJ7E.jpg	2016_87332_LCHZqhAgJ7E.jpg	zo
20160326002622	http://d17ol771963kd3.cloudfront.net/148392/zo/4-dogs_--n--_ducks_trooper_1345454926.jpg	2016_148392_4-dogs_--n--_ducks_trooper_1345454926.jpg	zo
20161229032606	http://d17ol771963kd3.cloudfront.net/98590/zo/hBwTsfvmmTw1.jpg	2016_98590_hBwTsfvmmTw1.jpg	zo
20160615234306	http://d17ol771963kd3.cloudfront.net/88869/zo/RgZ3fS9SA8g1.jpg	2016_88869_RgZ3fS9SA8g1.jpg	zo
20160103082347	http://d17ol771963kd3.cloudfront.net/88057/zo/AuQK-ISTUNQ.jpg	2016_88057_AuQK-ISTUNQ.jpg	zo
20160225155405	http://d17ol771963kd3.cloudfront.net/94071/zo/Q6JwcP2yYgA.jpg	2016_94071_Q6JwcP2yYgA.jpg	zo
20160218060650	http://d17ol771963kd3.cloudfront.net/137707/zo/0-snake_pullover_1329738937.jpg	2016_137707_0-snake_pullover_1329738937.jpg	zo
20160827215827	http://d17ol771963kd3.cloudfront.net/137733/zo/1-corduroy_pullover_1329738948.jpg	2016_137733_1-corduroy_pullover_1329738948.jpg	zo
20160313065745	http://d17ol771963kd3.cloudfront.net/137962/zo/12-supreme--s--independent--r--_5_panel_1329739051.jpg	2016_137962_12-supreme--s--independent--r--_5_panel_1329739051.jpg	zo
20160229083744	http://d17ol771963kd3.cloudfront.net/87301/zo/M4En4mqPNi2.jpg	2016_87301_M4En4mqPNi2.jpg	zo
20160218044932	http://d17ol771963kd3.cloudfront.net/167800/zo/5-t8_black.jpg	2016_167800_5-t8_black.jpg	zo
20160117043208	http://d17ol771963kd3.cloudfront.net/93762/zo/DZPxgpEqFgY.jpg	2016_93762_DZPxgpEqFgY.jpg	zo
20160905110331	http://d17ol771963kd3.cloudfront.net/108925/zo/0I90sV2EMRY.jpg	2016_108925_0I90sV2EMRY.jpg	zo
20160217142457	http://d17ol771963kd3.cloudfront.net/167699/zo/0-h17_group.jpg	2016_167699_0-h17_group.jpg	zo
20160126150043	http://d17ol771963kd3.cloudfront.net/86211/zo/YQ-vsIUA1No.jpg	2016_86211_YQ-vsIUA1No.jpg	zo
20160904125745	http://d17ol771963kd3.cloudfront.net/108830/zo/Z_-9UiwUT9M.jpg	2016_108830_Z_-9UiwUT9M.jpg	zo
20160619101023	http://d17ol771963kd3.cloudfront.net/107224/zo/Etw4qemNHX8.jpg	2016_107224_Etw4qemNHX8.jpg	zo
20160905034839	http://d17ol771963kd3.cloudfront.net/93371/zo/SgTyE7zBk7M.jpg	2016_93371_SgTyE7zBk7M.jpg	zo
20160221173743	http://d17ol771963kd3.cloudfront.net/88211/zo/eqvpUk0-_Wk.jpg	2016_88211_eqvpUk0-_Wk.jpg	zo
20160605234004	http://d17ol771963kd3.cloudfront.net/167869/zo/7-bn24_group.jpg	2016_167869_7-bn24_group.jpg	zo
20160323113846	http://d17ol771963kd3.cloudfront.net/97749/zo/BkVK9y9H-s8.jpg	2016_97749_BkVK9y9H-s8.jpg	zo
20160115173100	http://d17ol771963kd3.cloudfront.net/88172/zo/7oD2kycJ7QM.jpg	2016_88172_7oD2kycJ7QM.jpg	zo
20160323043019	http://d17ol771963kd3.cloudfront.net/94605/zo/0a1Drl75zt8.jpg	2016_94605_0a1Drl75zt8.jpg	zo
20161230183609	http://d17ol771963kd3.cloudfront.net/88559/zo/TQ8tsG9LdbE.jpg	2016_88559_TQ8tsG9LdbE.jpg	zo
20160218050655	http://d17ol771963kd3.cloudfront.net/101516/zo/n5praPl4TRg.jpg	2016_101516_n5praPl4TRg.jpg	zo
20160912060629	http://d17ol771963kd3.cloudfront.net/167708/zo/9-h13_group.jpg	2016_167708_9-h13_group.jpg	zo
20160423022636	http://d17ol771963kd3.cloudfront.net/94586/zo/BDOTlhFb9CQ.jpg	2016_94586_BDOTlhFb9CQ.jpg	zo
20160504073254	http://d17ol771963kd3.cloudfront.net/138101/zo/0-tie_dye_shirt_1329739115.jpg	2016_138101_0-tie_dye_shirt_1329739115.jpg	zo
20160816041045	http://d17ol771963kd3.cloudfront.net/108907/zo/ffslABGETyc.jpg	2016_108907_ffslABGETyc.jpg	zo
20160117043302	http://d17ol771963kd3.cloudfront.net/93214/zo/jd_UDuRD5ms.jpg	2016_93214_jd_UDuRD5ms.jpg	zo
20160518082642	http://d17ol771963kd3.cloudfront.net/167646/zo/3-j15_black01_a.jpg	2016_167646_3-j15_black01_a.jpg	zo
20160218053221	http://d17ol771963kd3.cloudfront.net/160592/zo/0-H9_group_1361187853.jpg	2016_160592_0-H9_group_1361187853.jpg	zo
20161023133102	http://d17ol771963kd3.cloudfront.net/167828/zo/4-kn5_purple_black.jpg	2016_167828_4-kn5_purple_black.jpg	zo
20160824082008	http://d17ol771963kd3.cloudfront.net/109288/zo/iBVYXb-_0F0.jpg	2016_109288_iBVYXb-_0F0.jpg	zo
20160905032949	http://d17ol771963kd3.cloudfront.net/93786/zo/boYQFZUT-cs.jpg	2016_93786_boYQFZUT-cs.jpg	zo
20160228070535	http://d17ol771963kd3.cloudfront.net/95289/zo/0gAZpfsXMLw.jpg	2016_95289_0gAZpfsXMLw.jpg	zo
20160116175206	http://d17ol771963kd3.cloudfront.net/102610/zo/RobXKyvsTtA.jpg	2016_102610_RobXKyvsTtA.jpg	zo
20160921211246	http://d17ol771963kd3.cloudfront.net/111534/zo/TM0t4HgYtEQ.jpg	2016_111534_TM0t4HgYtEQ.jpg	zo
20160923151859	http://d17ol771963kd3.cloudfront.net/124508/zo/9uRRd-AGS08.jpg	2016_124508_9uRRd-AGS08.jpg	zo
20160115121313	http://d17ol771963kd3.cloudfront.net/85091/zo/8Jl71W0bmpw.jpg	2016_85091_8Jl71W0bmpw.jpg	zo
20160218065042	http://d17ol771963kd3.cloudfront.net/148656/zo/5-utility_bag_1345454980.jpg	2016_148656_5-utility_bag_1345454980.jpg	zo
20160220150444	http://d17ol771963kd3.cloudfront.net/87183/zo/r-SM9cY4RZs.jpg	2016_87183_r-SM9cY4RZs.jpg	zo
20160220025139	http://d17ol771963kd3.cloudfront.net/91743/zo/plDZzATjThY1.jpg	2016_91743_plDZzATjThY1.jpg	zo
20160723043540	http://d17ol771963kd3.cloudfront.net/88728/zo/rdyPZ76wVkQ.jpg	2016_88728_rdyPZ76wVkQ.jpg	zo
20160729000738	http://d17ol771963kd3.cloudfront.net/91651/zo/YBuBvcMRdBY.jpg	2016_91651_YBuBvcMRdBY.jpg	zo
20160912125241	http://d17ol771963kd3.cloudfront.net/129531/zo/A15_group03_1314008736.jpg	2016_129531_A15_group03_1314008736.jpg	zo
20160109145339	http://d17ol771963kd3.cloudfront.net/93927/zo/HpSBWciVzdY.jpg	2016_93927_HpSBWciVzdY.jpg	zo
20160218235454	http://d17ol771963kd3.cloudfront.net/104976/zo/DKJeJuKG0Mo.jpg	2016_104976_DKJeJuKG0Mo.jpg	zo
20160218170722	http://d17ol771963kd3.cloudfront.net/167963/zo/0-a23_group03_a.jpg	2016_167963_0-a23_group03_a.jpg	zo
20160827194459	http://d17ol771963kd3.cloudfront.net/148102/zo/21-sweatpant_1345454866.jpg	2016_148102_21-sweatpant_1345454866.jpg	zo
20160916032336	http://d17ol771963kd3.cloudfront.net/94068/zo/eTKrhrLFFoQ.jpg	2016_94068_eTKrhrLFFoQ.jpg	zo
20160804184642	http://d17ol771963kd3.cloudfront.net/160452/zo/6-H29_group_1361187797.jpg	2016_160452_6-H29_group_1361187797.jpg	zo
20160326002642	http://d17ol771963kd3.cloudfront.net/148695/zo/17-cliver_griffin_logo_skateboard_1345454987.jpg	2016_148695_17-cliver_griffin_logo_skateboard_1345454987.jpg	zo
20160218050105	http://d17ol771963kd3.cloudfront.net/138139/zo/0-work_pant_1329739132.jpg	2016_138139_0-work_pant_1329739132.jpg	zo
20161204022416	http://d17ol771963kd3.cloudfront.net/167934/zo/2-bn9_group.jpg	2016_167934_2-bn9_group.jpg	zo
20160809150718	http://d17ol771963kd3.cloudfront.net/148167/zo/6-buffalo_twill_shirt_1345454879.jpg	2016_148167_6-buffalo_twill_shirt_1345454879.jpg	zo
20160305015855	http://d17ol771963kd3.cloudfront.net/109139/zo/dmFZ-1nlZwI.jpg	2016_109139_dmFZ-1nlZwI.jpg	zo
20161003012601	http://d17ol771963kd3.cloudfront.net/91751/zo/uWBh7eM_cyc1.jpg	2016_91751_uWBh7eM_cyc1.jpg	zo
20160506072033	http://d17ol771963kd3.cloudfront.net/160630/zo/19-H12_group_1361187867.jpg	2016_160630_19-H12_group_1361187867.jpg	zo
20160418193124	http://d17ol771963kd3.cloudfront.net/88026/zo/ayhoyq-ALE4.jpg	2016_88026_ayhoyq-ALE4.jpg	zo
20160730185227	http://d17ol771963kd3.cloudfront.net/167797/zo/2-t9_black01.jpg	2016_167797_2-t9_black01.jpg	zo
20161208171447	http://d17ol771963kd3.cloudfront.net/121277/zo/gFRvXe3YBpk.jpg	2016_121277_gFRvXe3YBpk.jpg	zo
20161006071516	http://d17ol771963kd3.cloudfront.net/114240/zo/vebKA3KbHOY.jpg	2016_114240_vebKA3KbHOY.jpg	zo
20161105113402	http://d17ol771963kd3.cloudfront.net/88943/zo/4wLZzwlOIFw.jpg	2016_88943_4wLZzwlOIFw.jpg	zo
20160220150326	http://d17ol771963kd3.cloudfront.net/87443/zo/Bq8UcZAhVG4.jpg	2016_87443_Bq8UcZAhVG4.jpg	zo
20160731162940	http://d17ol771963kd3.cloudfront.net/109443/zo/aj-rieUgICs.jpg	2016_109443_aj-rieUgICs.jpg	zo
20160416215202	http://d17ol771963kd3.cloudfront.net/167790/zo/3-j4_snow_camo01.jpg	2016_167790_3-j4_snow_camo01.jpg	zo
20160819130230	http://d17ol771963kd3.cloudfront.net/94372/zo/tax_rqbscfQ.jpg	2016_94372_tax_rqbscfQ.jpg	zo
20160307044318	http://d17ol771963kd3.cloudfront.net/92803/zo/DtvQuAJaS_U.jpg	2016_92803_DtvQuAJaS_U.jpg	zo
20160708164415	http://d17ol771963kd3.cloudfront.net/70575/zo/Qm30JKL3OUg.jpg	2016_70575_Qm30JKL3OUg.jpg	zo
20160831202837	http://d17ol771963kd3.cloudfront.net/88324/zo/LH87sU1tC7c.jpg	2016_88324_LH87sU1tC7c.jpg	zo
20160404132548	http://d17ol771963kd3.cloudfront.net/109475/zo/iqZrmsC6Ccc.jpg	2016_109475_iqZrmsC6Ccc.jpg	zo
20160502153152	http://d17ol771963kd3.cloudfront.net/87526/zo/4i1nhAy5JLM.jpg	2016_87526_4i1nhAy5JLM.jpg	zo
20160905110049	http://d17ol771963kd3.cloudfront.net/109310/zo/O-T8RQPOckU.jpg	2016_109310_O-T8RQPOckU.jpg	zo
20160129224022	http://d17ol771963kd3.cloudfront.net/89595/zo/Y2BoPrjq37k.jpg	2016_89595_Y2BoPrjq37k.jpg	zo
20160301033227	http://d17ol771963kd3.cloudfront.net/98312/zo/hH4_fs6Khx8.jpg	2016_98312_hH4_fs6Khx8.jpg	zo
20160907032503	http://d17ol771963kd3.cloudfront.net/88944/zo/NqfJMDa99P0.jpg	2016_88944_NqfJMDa99P0.jpg	zo
20160824124150	http://d17ol771963kd3.cloudfront.net/108840/zo/i5uCn3dpWsI.jpg	2016_108840_i5uCn3dpWsI.jpg	zo
20160827024108	http://d17ol771963kd3.cloudfront.net/137765/zo/8-floral_suede_camp_cap_1329738963.jpg	2016_137765_8-floral_suede_camp_cap_1329738963.jpg	zo
20160927031819	http://d17ol771963kd3.cloudfront.net/89125/zo/SQVM2yO6GQM.jpg	2016_89125_SQVM2yO6GQM.jpg	zo
20161105113406	http://d17ol771963kd3.cloudfront.net/89155/zo/_aClm-_7LCY.jpg	2016_89155__aClm-_7LCY.jpg	zo
20160220160000	http://d17ol771963kd3.cloudfront.net/105032/zo/vVN2PgRQGGQ.jpg	2016_105032_vVN2PgRQGGQ.jpg	zo
20160826224152	http://d17ol771963kd3.cloudfront.net/160847/zo/11-A39_1361187950.jpg	2016_160847_11-A39_1361187950.jpg	zo
20160218052459	http://d17ol771963kd3.cloudfront.net/87214/zo/1j-NBr7Kjc0.jpg	2016_87214_1j-NBr7Kjc0.jpg	zo
20161005071008	http://d17ol771963kd3.cloudfront.net/160704/zo/10-SK2_black_1361187895.jpg	2016_160704_10-SK2_black_1361187895.jpg	zo
20160907033620	http://d17ol771963kd3.cloudfront.net/160442/zo/1-H28_group_1361187795.jpg	2016_160442_1-H28_group_1361187795.jpg	zo
20160215203228	http://d17ol771963kd3.cloudfront.net/102639/zo/r7nuHSPZP64.jpg	2016_102639_r7nuHSPZP64.jpg	zo
20160302191051	http://d17ol771963kd3.cloudfront.net/160377/zo/0-J9_white01A_1361187768.jpg	2016_160377_0-J9_white01A_1361187768.jpg	zo
20161226174356	http://d17ol771963kd3.cloudfront.net/129499/zo/J23_HeatherGrey_X_1314008725.jpg	2016_129499_J23_HeatherGrey_X_1314008725.jpg	zo
20160113070506	http://d17ol771963kd3.cloudfront.net/89877/zo/Qg2I6OJkxAA.jpg	2016_89877_Qg2I6OJkxAA.jpg	zo
20161027220153	http://d17ol771963kd3.cloudfront.net/108903/zo/Svh3d5WonjI.jpg	2016_108903_Svh3d5WonjI.jpg	zo
20160904125457	http://d17ol771963kd3.cloudfront.net/110835/zo/-gMP4YO0ZXU.jpg	2016_110835_-gMP4YO0ZXU.jpg	zo
20161120090622	http://d17ol771963kd3.cloudfront.net/148413/zo/6-supreme--s--champion--r--_parka_1345454931.jpg	2016_148413_6-supreme--s--champion--r--_parka_1345454931.jpg	zo
20161106142648	http://d17ol771963kd3.cloudfront.net/110411/zo/AxGhM6NHnis.jpg	2016_110411_AxGhM6NHnis.jpg	zo
20160907032105	http://d17ol771963kd3.cloudfront.net/88902/zo/YjyV30hzhb4.jpg	2016_88902_YjyV30hzhb4.jpg	zo
20160225024504	http://d17ol771963kd3.cloudfront.net/101527/zo/hYgfv3VkeTA.jpg	2016_101527_hYgfv3VkeTA.jpg	zo
20160131112056	http://d17ol771963kd3.cloudfront.net/95735/zo/FrVAE_Kzni0.jpg	2016_95735_FrVAE_Kzni0.jpg	zo
20160716084952	http://d17ol771963kd3.cloudfront.net/107046/zo/RWycsREhFtw1.jpg	2016_107046_RWycsREhFtw1.jpg	zo
20160605232418	http://d17ol771963kd3.cloudfront.net/160929/zo/5-A25_02_1361187983.jpg	2016_160929_5-A25_02_1361187983.jpg	zo
20160223195532	http://d17ol771963kd3.cloudfront.net/102576/zo/zYiNiMFdlVo.jpg	2016_102576_zYiNiMFdlVo.jpg	zo
20160225063830	http://d17ol771963kd3.cloudfront.net/87264/zo/NppRWLWVrKE.jpg	2016_87264_NppRWLWVrKE.jpg	zo
20160223032307	http://d17ol771963kd3.cloudfront.net/110240/zo/zMPjbQFbKTE.jpg	2016_110240_zMPjbQFbKTE.jpg	zo
20160229083728	http://d17ol771963kd3.cloudfront.net/87344/zo/DMiQFtGhUWQ1.jpg	2016_87344_DMiQFtGhUWQ1.jpg	zo
20160502132631	http://d17ol771963kd3.cloudfront.net/88817/zo/6sADRbDHJ2A.jpg	2016_88817_6sADRbDHJ2A.jpg	zo
20160819130211	http://d17ol771963kd3.cloudfront.net/94364/zo/-Rz3olz41Fo.jpg	2016_94364_-Rz3olz41Fo.jpg	zo
20160725141402	http://d17ol771963kd3.cloudfront.net/160366/zo/4-T9_black_1361187764.jpg	2016_160366_4-T9_black_1361187764.jpg	zo
20160223171755	http://d17ol771963kd3.cloudfront.net/110244/zo/syTu8jL0BKQ.jpg	2016_110244_syTu8jL0BKQ.jpg	zo
20160912124852	http://d17ol771963kd3.cloudfront.net/129274/zo/SK3_red_XX_1314008635.jpg	2016_129274_SK3_red_XX_1314008635.jpg	zo
20160605232946	http://d17ol771963kd3.cloudfront.net/160616/zo/12-H13_group_1361187861.jpg	2016_160616_12-H13_group_1361187861.jpg	zo
20160220220633	http://d17ol771963kd3.cloudfront.net/108866/zo/vZ_fWHxAnMA.jpg	2016_108866_vZ_fWHxAnMA.jpg	zo
20160605233338	http://d17ol771963kd3.cloudfront.net/167975/zo/12-pen.jpg	2016_167975_12-pen.jpg	zo
20160818135135	http://d17ol771963kd3.cloudfront.net/160831/zo/3-A3_4_group01_1361187946.jpg	2016_160831_3-A3_4_group01_1361187946.jpg	zo
20160225081641	http://d17ol771963kd3.cloudfront.net/108975/zo/PnxNi3cNpxE.jpg	2016_108975_PnxNi3cNpxE.jpg	zo
20160522190718	http://d17ol771963kd3.cloudfront.net/160921/zo/1-A21_platinum01_B_1361187981.jpg	2016_160921_1-A21_platinum01_B_1361187981.jpg	zo
20160912125221	http://d17ol771963kd3.cloudfront.net/129512/zo/P7_grey_1314008729.jpg	2016_129512_P7_grey_1314008729.jpg	zo
20161127021427	http://d17ol771963kd3.cloudfront.net/129457/zo/I_got_a_right_black_1314008707.jpg	2016_129457_I_got_a_right_black_1314008707.jpg	zo
20160904125745	http://d17ol771963kd3.cloudfront.net/110896/zo/ddyDKXJyOM0.jpg	2016_110896_ddyDKXJyOM0.jpg	zo
20160711211628	http://d17ol771963kd3.cloudfront.net/148683/zo/11-metal_combs_1345454985.jpg	2016_148683_11-metal_combs_1345454985.jpg	zo
20160525080537	http://d17ol771963kd3.cloudfront.net/93571/zo/5WOAQd97l0o.jpg	2016_93571_5WOAQd97l0o.jpg	zo
20160118081015	http://d17ol771963kd3.cloudfront.net/94506/zo/KVGYqdEa40o.jpg	2016_94506_KVGYqdEa40o.jpg	zo
20160210223559	http://d17ol771963kd3.cloudfront.net/89340/zo/69r-5yxKTRo.jpg	2016_89340_69r-5yxKTRo.jpg	zo
20160115012557	http://d17ol771963kd3.cloudfront.net/97402/zo/kXvJgmx_Q2U.jpg	2016_97402_kXvJgmx_Q2U.jpg	zo
20161027005727	http://d17ol771963kd3.cloudfront.net/109998/zo/u9f3oB-_XVc.jpg	2016_109998_u9f3oB-_XVc.jpg	zo
20160218120126	http://d17ol771963kd3.cloudfront.net/137698/zo/4-snakeskin_shirt_1329738933.jpg	2016_137698_4-snakeskin_shirt_1329738933.jpg	zo
20160502153814	http://d17ol771963kd3.cloudfront.net/88732/zo/3fcfUBLu_aA.jpg	2016_88732_3fcfUBLu_aA.jpg	zo
20160619110348	http://d17ol771963kd3.cloudfront.net/87273/zo/Q18-Ubu71PA.jpg	2016_87273_Q18-Ubu71PA.jpg	zo
20161011233309	http://d17ol771963kd3.cloudfront.net/86403/zo/KN2UXt2jfJ8.jpg	2016_86403_KN2UXt2jfJ8.jpg	zo
20161120091029	http://d17ol771963kd3.cloudfront.net/148523/zo/2-l--s--s_football_top_1345454953.jpg	2016_148523_2-l--s--s_football_top_1345454953.jpg	zo
20160413200334	http://d17ol771963kd3.cloudfront.net/148281/zo/12-harris_tweed--r--_herringbone_camp_cap_1345454904.jpg	2016_148281_12-harris_tweed--r--_herringbone_camp_cap_1345454904.jpg	zo
20160221213027	http://d17ol771963kd3.cloudfront.net/137810/zo/2-taped_seam_coaches_jacket_1329738984.jpg	2016_137810_2-taped_seam_coaches_jacket_1329738984.jpg	zo
20160217142519	http://d17ol771963kd3.cloudfront.net/167789/zo/2-j4_red_camo02.jpg	2016_167789_2-j4_red_camo02.jpg	zo
20160115011849	http://d17ol771963kd3.cloudfront.net/97329/zo/uININWjSm_I.jpg	2016_97329_uININWjSm_I.jpg	zo
20160302185532	http://d17ol771963kd3.cloudfront.net/137749/zo/0-ikat_camp_cap_1329738955.jpg	2016_137749_0-ikat_camp_cap_1329738955.jpg	zo
20160218051957	http://d17ol771963kd3.cloudfront.net/148401/zo/0-supreme--s--champion--r--_parka_1345454928.jpg	2016_148401_0-supreme--s--champion--r--_parka_1345454928.jpg	zo
20160220160419	http://d17ol771963kd3.cloudfront.net/104989/zo/H6oc3_5VOOA.jpg	2016_104989_H6oc3_5VOOA.jpg	zo
20160411161657	http://d17ol771963kd3.cloudfront.net/167932/zo/0-bn17_group.jpg	2016_167932_0-bn17_group.jpg	zo
20161209024850	http://d17ol771963kd3.cloudfront.net/160300/zo/1-S4_group_1361187741.jpg	2016_160300_1-S4_group_1361187741.jpg	zo
20160115173408	http://d17ol771963kd3.cloudfront.net/88457/zo/TUDbyZZP8Xk.jpg	2016_88457_TUDbyZZP8Xk.jpg	zo
20160909233405	http://d17ol771963kd3.cloudfront.net/167615/zo/2-j26_black02.jpg	2016_167615_2-j26_black02.jpg	zo
20160711211457	http://d17ol771963kd3.cloudfront.net/138219/zo/12-maratac--r--_screwdriver_keychain_1329739167.jpg	2016_138219_12-maratac--r--_screwdriver_keychain_1329739167.jpg	zo
20160911174735	http://d17ol771963kd3.cloudfront.net/87505/zo/b2rGrr4oAjc.jpg	2016_87505_b2rGrr4oAjc.jpg	zo
20160526180521	http://d17ol771963kd3.cloudfront.net/137711/zo/2-snake_pullover_1329738939.jpg	2016_137711_2-snake_pullover_1329738939.jpg	zo
20160129224031	http://d17ol771963kd3.cloudfront.net/89681/zo/YkgsBAisEvs.jpg	2016_89681_YkgsBAisEvs.jpg	zo
20160218120203	http://d17ol771963kd3.cloudfront.net/148443/zo/0-harris_tweed--r--_hooded_coaches_jacket_1345454937.jpg	2016_148443_0-harris_tweed--r--_hooded_coaches_jacket_1345454937.jpg	zo
20160223043408	http://d17ol771963kd3.cloudfront.net/88450/zo/edOg3nnH-UE.jpg	2016_88450_edOg3nnH-UE.jpg	zo
20161212161504	http://d17ol771963kd3.cloudfront.net/160533/zo/1-KN19_black01_1361187826.jpg	2016_160533_1-KN19_black01_1361187826.jpg	zo
20160724045106	http://d17ol771963kd3.cloudfront.net/138103/zo/1-tie_dye_shirt_1329739116.jpg	2016_138103_1-tie_dye_shirt_1329739116.jpg	zo
20160218051601	http://d17ol771963kd3.cloudfront.net/148060/zo/0-split_pullover_1345454856.jpg	2016_148060_0-split_pullover_1345454856.jpg	zo
20160923151911	http://d17ol771963kd3.cloudfront.net/124520/zo/5EHlHsHs6KE.jpg	2016_124520_5EHlHsHs6KE.jpg	zo
20160904125534	http://d17ol771963kd3.cloudfront.net/108860/zo/legaP1LpM7A.jpg	2016_108860_legaP1LpM7A.jpg	zo
20160907150728	http://d17ol771963kd3.cloudfront.net/109412/zo/VleaBmaU36Y.jpg	2016_109412_VleaBmaU36Y.jpg	zo
20161027232743	http://d17ol771963kd3.cloudfront.net/110062/zo/WgwTVONpZIo.jpg	2016_110062_WgwTVONpZIo.jpg	zo
20160902214606	http://d17ol771963kd3.cloudfront.net/68733/zo/2CQtTBy6dps.jpg	2016_68733_2CQtTBy6dps.jpg	zo
20160818103143	http://d17ol771963kd3.cloudfront.net/85241/zo/swgNipH6kps.jpg	2016_85241_swgNipH6kps.jpg	zo
20160306024534	http://d17ol771963kd3.cloudfront.net/160513/zo/5-J19_black01_1361187817.jpg	2016_160513_5-J19_black01_1361187817.jpg	zo
20160228064942	http://d17ol771963kd3.cloudfront.net/90898/zo/_-hBGO1pFgk.jpg	2016_90898__-hBGO1pFgk.jpg	zo
20160216121319	http://d17ol771963kd3.cloudfront.net/88721/zo/hJgAy3fzquY.jpg	2016_88721_hJgAy3fzquY.jpg	zo
20170227021724	http://d17ol771963kd3.cloudfront.net/119402/zo/IzBQaKSZ3KI1.jpg	2017_119402_IzBQaKSZ3KI1.jpg	zo
20170122172210	http://d17ol771963kd3.cloudfront.net/86361/zo/w-x_ru5BSD4.jpg	2017_86361_w-x_ru5BSD4.jpg	zo
20170629010640	http://d17ol771963kd3.cloudfront.net/125918/zo/nqIHnY2dOb8.jpg	2017_125918_nqIHnY2dOb8.jpg	zo
20171229083155	http://d17ol771963kd3.cloudfront.net/107242/zo/qtV03BuFvcY1.jpg	2017_107242_qtV03BuFvcY1.jpg	zo
20170219125806	http://d17ol771963kd3.cloudfront.net/92287/zo/z2x-w_r7VTQ.jpg	2017_92287_z2x-w_r7VTQ.jpg	zo
20170221182352	http://d17ol771963kd3.cloudfront.net/89965/zo/1R_GWTUddRg.jpg	2017_89965_1R_GWTUddRg.jpg	zo
20171006053506	http://d17ol771963kd3.cloudfront.net/121621/zo/UhQYd_hKq_s.jpg	2017_121621_UhQYd_hKq_s.jpg	zo
20170113181537	http://d17ol771963kd3.cloudfront.net/97299/zo/nUPF1hhmFXY.jpg	2017_97299_nUPF1hhmFXY.jpg	zo
20171030183731	http://d17ol771963kd3.cloudfront.net/138717/zo/0EpdPOBhh7o.jpg	2017_138717_0EpdPOBhh7o.jpg	zo
20170325030807	http://d17ol771963kd3.cloudfront.net/131588/zo/aOdCZjq4KpE.jpg	2017_131588_aOdCZjq4KpE.jpg	zo
20170521041448	http://d17ol771963kd3.cloudfront.net/160814/zo/4-B4_group_1361187938.jpg	2017_160814_4-B4_group_1361187938.jpg	zo
20170409053834	http://d17ol771963kd3.cloudfront.net/129675/zo/B498h548Ag8.jpg	2017_129675_B498h548Ag8.jpg	zo
20170118113332	http://d17ol771963kd3.cloudfront.net/122138/zo/w16KFRSXmmU.jpg	2017_122138_w16KFRSXmmU.jpg	zo
20170108134324	http://d17ol771963kd3.cloudfront.net/89221/zo/W_kOJkiqA6s.jpg	2017_89221_W_kOJkiqA6s.jpg	zo
20171130001315	http://d17ol771963kd3.cloudfront.net/137588/zo/0_icmtnQRt8.jpg	2017_137588_0_icmtnQRt8.jpg	zo
20170102122356	http://d17ol771963kd3.cloudfront.net/88336/zo/HnVA5SKj2Dk.jpg	2017_88336_HnVA5SKj2Dk.jpg	zo
20170216073849	http://d17ol771963kd3.cloudfront.net/89733/zo/MT6R1bUs4ho.jpg	2017_89733_MT6R1bUs4ho.jpg	zo
20170221151349	http://d17ol771963kd3.cloudfront.net/86020/zo/lkHaH6C6oLw.jpg	2017_86020_lkHaH6C6oLw.jpg	zo
20170903071226	http://d17ol771963kd3.cloudfront.net/125952/zo/X7wxk_tpwMQ.jpg	2017_125952_X7wxk_tpwMQ.jpg	zo
20170124012048	http://d17ol771963kd3.cloudfront.net/86424/zo/BW1Q-C1xIbU.jpg	2017_86424_BW1Q-C1xIbU.jpg	zo
20171124213112	http://d17ol771963kd3.cloudfront.net/131658/zo/p8AcPzZ7K5k.jpg	2017_131658_p8AcPzZ7K5k.jpg	zo
20170102000151	http://d17ol771963kd3.cloudfront.net/87573/zo/LuoyGGucWxA1.jpg	2017_87573_LuoyGGucWxA1.jpg	zo
20171006053508	http://d17ol771963kd3.cloudfront.net/119743/zo/Jl-TaRafOLY1.jpg	2017_119743_Jl-TaRafOLY1.jpg	zo
20170306141029	http://d17ol771963kd3.cloudfront.net/123141/zo/38CyHr4RtI4.jpg	2017_123141_38CyHr4RtI4.jpg	zo
20170719035137	http://d17ol771963kd3.cloudfront.net/122237/zo/8vJjrJHJAjA.jpg	2017_122237_8vJjrJHJAjA.jpg	zo
20170120061529	http://d17ol771963kd3.cloudfront.net/92696/zo/_CO5J-vO4k10.jpg	2017_92696__CO5J-vO4k10.jpg	zo
20171105051420	http://d17ol771963kd3.cloudfront.net/136663/zo/eJpvlbABisc1.jpg	2017_136663_eJpvlbABisc1.jpg	zo
20170218053348	http://d17ol771963kd3.cloudfront.net/94639/zo/sNRVmuys4bg.jpg	2017_94639_sNRVmuys4bg.jpg	zo
20170217020911	http://d17ol771963kd3.cloudfront.net/129373/zo/SW3_army01_X_1314008673.jpg	2017_129373_SW3_army01_X_1314008673.jpg	zo
20171203093816	http://d17ol771963kd3.cloudfront.net/117044/zo/1mike_tan_t_1290996045.jpg	2017_117044_1mike_tan_t_1290996045.jpg	zo
20170220015210	http://d17ol771963kd3.cloudfront.net/107103/zo/svqQuIiu_B0.jpg	2017_107103_svqQuIiu_B0.jpg	zo
20170220182521	http://d17ol771963kd3.cloudfront.net/114201/zo/ifIcsADTOn0.jpg	2017_114201_ifIcsADTOn0.jpg	zo
20170120035855	http://d17ol771963kd3.cloudfront.net/109543/zo/Ti_EGOI1Rj8.jpg	2017_109543_Ti_EGOI1Rj8.jpg	zo
20170925031401	http://d17ol771963kd3.cloudfront.net/132042/zo/K0klUslYhMk.jpg	2017_132042_K0klUslYhMk.jpg	zo
20170823170752	http://d17ol771963kd3.cloudfront.net/132838/zo/9_nDPipurMM.jpg	2017_132838_9_nDPipurMM.jpg	zo
20170908194708	http://d17ol771963kd3.cloudfront.net/137591/zo/EZINLXsgih4.jpg	2017_137591_EZINLXsgih4.jpg	zo
20170107083921	http://d17ol771963kd3.cloudfront.net/92811/zo/xBGxIbId5HQ.jpg	2017_92811_xBGxIbId5HQ.jpg	zo
20170311221811	http://d17ol771963kd3.cloudfront.net/112944/zo/aRtEMZzObSM1.jpg	2017_112944_aRtEMZzObSM1.jpg	zo
20170902203433	http://d17ol771963kd3.cloudfront.net/125979/zo/df-kroSkNH0.jpg	2017_125979_df-kroSkNH0.jpg	zo
20170821191635	http://d17ol771963kd3.cloudfront.net/131879/zo/4qCsmcuQd6E.jpg	2017_131879_4qCsmcuQd6E.jpg	zo
20170220003833	http://d17ol771963kd3.cloudfront.net/115070/zo/YhRzYKnX_rk1.jpg	2017_115070_YhRzYKnX_rk1.jpg	zo
20171207211636	http://d17ol771963kd3.cloudfront.net/139090/zo/vw_3JE8PA-o.jpg	2017_139090_vw_3JE8PA-o.jpg	zo
20170216171511	http://d17ol771963kd3.cloudfront.net/108932/zo/biJyoVo1pxg.jpg	2017_108932_biJyoVo1pxg.jpg	zo
20170925010932	http://d17ol771963kd3.cloudfront.net/132040/zo/NSQ1RnfYteE.jpg	2017_132040_NSQ1RnfYteE.jpg	zo
20170819072744	http://d17ol771963kd3.cloudfront.net/131484/zo/iYJPRsIPAbg.jpg	2017_131484_iYJPRsIPAbg.jpg	zo
20170221045725	http://d17ol771963kd3.cloudfront.net/94472/zo/yO31Y-SGWCc.jpg	2017_94472_yO31Y-SGWCc.jpg	zo
20171105050114	http://d17ol771963kd3.cloudfront.net/135350/zo/SnFjt0tTC2M1.jpg	2017_135350_SnFjt0tTC2M1.jpg	zo
20170901204219	http://d17ol771963kd3.cloudfront.net/87596/zo/RfQMgk09w5E.jpg	2017_87596_RfQMgk09w5E.jpg	zo
20171006053506	http://d17ol771963kd3.cloudfront.net/119887/zo/TcNpuYegngc.jpg	2017_119887_TcNpuYegngc.jpg	zo
20170314080726	http://d17ol771963kd3.cloudfront.net/105351/zo/T2feWKBuSnI.jpg	2017_105351_T2feWKBuSnI.jpg	zo
20170202222747	http://d17ol771963kd3.cloudfront.net/119550/zo/x4Is64870do1.jpg	2017_119550_x4Is64870do1.jpg	zo
20170905044220	http://d17ol771963kd3.cloudfront.net/94002/zo/RLamZL0dqqI.jpg	2017_94002_RLamZL0dqqI.jpg	zo
20170223104235	http://d17ol771963kd3.cloudfront.net/93665/zo/WgX7zQirJPo.jpg	2017_93665_WgX7zQirJPo.jpg	zo
20170923182408	http://d17ol771963kd3.cloudfront.net/132018/zo/DAA8b73gyFY.jpg	2017_132018_DAA8b73gyFY.jpg	zo
20170117235322	http://d17ol771963kd3.cloudfront.net/167743/zo/5-s30_dark_denim.jpg	2017_167743_5-s30_dark_denim.jpg	zo
20171007143649	http://d17ol771963kd3.cloudfront.net/126162/zo/mhcC6LG4p5E.jpg	2017_126162_mhcC6LG4p5E.jpg	zo
20170327172326	http://d17ol771963kd3.cloudfront.net/123322/zo/TctgDpwXdeI.jpg	2017_123322_TctgDpwXdeI.jpg	zo
20170312224831	http://d17ol771963kd3.cloudfront.net/107043/zo/8JLG5LL0Kpg1.jpg	2017_107043_8JLG5LL0Kpg1.jpg	zo
20170102043024	http://d17ol771963kd3.cloudfront.net/148405/zo/2-supreme--s--champion--r--_parka_1345454929.jpg	2017_148405_2-supreme--s--champion--r--_parka_1345454929.jpg	zo
20171124223537	http://d17ol771963kd3.cloudfront.net/132885/zo/jNtnr9dr9-M.jpg	2017_132885_jNtnr9dr9-M.jpg	zo
20170903085713	http://d17ol771963kd3.cloudfront.net/126250/zo/lxdjI89lC7U.jpg	2017_126250_lxdjI89lC7U.jpg	zo
20170810232233	http://d17ol771963kd3.cloudfront.net/112975/zo/EsrNp87gQkk.jpg	2017_112975_EsrNp87gQkk.jpg	zo
20170905024954	http://d17ol771963kd3.cloudfront.net/90493/zo/0UPojVno7o0.jpg	2017_90493_0UPojVno7o0.jpg	zo
20170312034044	http://d17ol771963kd3.cloudfront.net/88760/zo/-afKwkoSW2Q.jpg	2017_88760_-afKwkoSW2Q.jpg	zo
20170120061217	http://d17ol771963kd3.cloudfront.net/91772/zo/lb-Iul99A08.jpg	2017_91772_lb-Iul99A08.jpg	zo
20170227021639	http://d17ol771963kd3.cloudfront.net/119366/zo/chGNV3G5BSQ.jpg	2017_119366_chGNV3G5BSQ.jpg	zo
20170222162052	http://d17ol771963kd3.cloudfront.net/88493/zo/5NczdoveAM4.jpg	2017_88493_5NczdoveAM4.jpg	zo
20170217022757	http://d17ol771963kd3.cloudfront.net/88363/zo/wJAFxv1h2qE.jpg	2017_88363_wJAFxv1h2qE.jpg	zo
20170213152424	http://d17ol771963kd3.cloudfront.net/91610/zo/D5MuxKoRIy8.jpg	2017_91610_D5MuxKoRIy8.jpg	zo
20171029023852	http://d17ol771963kd3.cloudfront.net/93206/zo/jzaZ8_7sztw.jpg	2017_93206_jzaZ8_7sztw.jpg	zo
20170122173405	http://d17ol771963kd3.cloudfront.net/94003/zo/30SXZnBD6uo.jpg	2017_94003_30SXZnBD6uo.jpg	zo
20170102095102	http://d17ol771963kd3.cloudfront.net/85726/zo/l0K8ZjzEteE.jpg	2017_85726_l0K8ZjzEteE.jpg	zo
20170227195630	http://d17ol771963kd3.cloudfront.net/120211/zo/CTIYJxwix_8.jpg	2017_120211_CTIYJxwix_8.jpg	zo
20171127022858	http://d17ol771963kd3.cloudfront.net/93886/zo/IEjXikkGCe0.jpg	2017_93886_IEjXikkGCe0.jpg	zo
20171009143435	http://d17ol771963kd3.cloudfront.net/105420/zo/4Wdy5pXc0Pw1.jpg	2017_105420_4Wdy5pXc0Pw1.jpg	zo
20170327172112	http://d17ol771963kd3.cloudfront.net/71588/zo/8TDnENdHEIk.jpg	2017_71588_8TDnENdHEIk.jpg	zo
20170221151216	http://d17ol771963kd3.cloudfront.net/86053/zo/GY27-e0PBE0.jpg	2017_86053_GY27-e0PBE0.jpg	zo
20170115140509	http://d17ol771963kd3.cloudfront.net/119456/zo/ek-sE7amFXA.jpg	2017_119456_ek-sE7amFXA.jpg	zo
20170221050344	http://d17ol771963kd3.cloudfront.net/94361/zo/Z2Aoclip-IQ.jpg	2017_94361_Z2Aoclip-IQ.jpg	zo
20170914175255	http://d17ol771963kd3.cloudfront.net/88538/zo/pjeoUQY3Kyw.jpg	2017_88538_pjeoUQY3Kyw.jpg	zo
20170405070526	http://d17ol771963kd3.cloudfront.net/77147/zo/GpegvKY4v1U2.jpg	2017_77147_GpegvKY4v1U2.jpg	zo
20170629200606	http://d17ol771963kd3.cloudfront.net/127575/zo/coPglmafCLQ.jpg	2017_127575_coPglmafCLQ.jpg	zo
20170101200359	http://d17ol771963kd3.cloudfront.net/94784/zo/usi6nR-V6hs.jpg	2017_94784_usi6nR-V6hs.jpg	zo
20171008122328	http://d17ol771963kd3.cloudfront.net/3747/zo/decks_3_thumb.jpg	2017_3747_decks_3_thumb.jpg	zo
20170227234630	http://d17ol771963kd3.cloudfront.net/167826/zo/2-kn6_red.jpg	2017_167826_2-kn6_red.jpg	zo
20170216141557	http://d17ol771963kd3.cloudfront.net/110886/zo/OAEHcE4yFDQ.jpg	2017_110886_OAEHcE4yFDQ.jpg	zo
20171129132922	http://d17ol771963kd3.cloudfront.net/91722/zo/UiXuFJHhTpI1.jpg	2017_91722_UiXuFJHhTpI1.jpg	zo
20170107083008	http://d17ol771963kd3.cloudfront.net/91686/zo/-rOLjMIZi2g.jpg	2017_91686_-rOLjMIZi2g.jpg	zo
20170821174617	http://d17ol771963kd3.cloudfront.net/127188/zo/t2-95T12yzE.jpg	2017_127188_t2-95T12yzE.jpg	zo
20170219162253	http://d17ol771963kd3.cloudfront.net/115032/zo/_mEmLlSl1kc.jpg	2017_115032__mEmLlSl1kc.jpg	zo
20170903021027	http://d17ol771963kd3.cloudfront.net/126812/zo/U1Si0SGc_kc.jpg	2017_126812_U1Si0SGc_kc.jpg	zo
20170629174845	http://d17ol771963kd3.cloudfront.net/126681/zo/kUEEvbIoJeo.jpg	2017_126681_kUEEvbIoJeo.jpg	zo
20171006053507	http://d17ol771963kd3.cloudfront.net/119434/zo/caJ4y7YBWbA2.jpg	2017_119434_caJ4y7YBWbA2.jpg	zo
20170629141648	http://d17ol771963kd3.cloudfront.net/127030/zo/RduBGaCS4fk.jpg	2017_127030_RduBGaCS4fk.jpg	zo
20171010021311	http://d17ol771963kd3.cloudfront.net/167845/zo/1-b1_white02.jpg	2017_167845_1-b1_white02.jpg	zo
20170902233410	http://d17ol771963kd3.cloudfront.net/126036/zo/xumgrgOgmVk.jpg	2017_126036_xumgrgOgmVk.jpg	zo
20170219161939	http://d17ol771963kd3.cloudfront.net/114613/zo/1_re6oPxSLE.jpg	2017_114613_1_re6oPxSLE.jpg	zo
20170401075152	http://d17ol771963kd3.cloudfront.net/107293/zo/ziaCuo9-SAc1.jpg	2017_107293_ziaCuo9-SAc1.jpg	zo
20170924010540	http://d17ol771963kd3.cloudfront.net/108820/zo/O31y6xc8rrY.jpg	2017_108820_O31y6xc8rrY.jpg	zo
20170214022508	http://d17ol771963kd3.cloudfront.net/109033/zo/l7Y9HR1mscY.jpg	2017_109033_l7Y9HR1mscY.jpg	zo
20170823113219	http://d17ol771963kd3.cloudfront.net/132496/zo/m3_KZlG0G3k.jpg	2017_132496_m3_KZlG0G3k.jpg	zo
20171029023901	http://d17ol771963kd3.cloudfront.net/92624/zo/8pYhvJeVjJI1.jpg	2017_92624_8pYhvJeVjJI1.jpg	zo
20170821023248	http://d17ol771963kd3.cloudfront.net/131179/zo/TyZnEeW1JHw.jpg	2017_131179_TyZnEeW1JHw.jpg	zo
20170227195603	http://d17ol771963kd3.cloudfront.net/119938/zo/cQx4Prhd4S0.jpg	2017_119938_cQx4Prhd4S0.jpg	zo
20170303032948	http://d17ol771963kd3.cloudfront.net/122038/zo/b8ihzZ0wxyM1.jpg	2017_122038_b8ihzZ0wxyM1.jpg	zo
20170822175945	http://d17ol771963kd3.cloudfront.net/132041/zo/ZKweMtyRv70.jpg	2017_132041_ZKweMtyRv70.jpg	zo
20170314080719	http://d17ol771963kd3.cloudfront.net/105325/zo/2zXzpvNx2co.jpg	2017_105325_2zXzpvNx2co.jpg	zo
20171101004812	http://d17ol771963kd3.cloudfront.net/133365/zo/W8j_Tqtggco.jpg	2017_133365_W8j_Tqtggco.jpg	zo
20170925023605	http://d17ol771963kd3.cloudfront.net/132044/zo/vCJRh_K42vA.jpg	2017_132044_vCJRh_K42vA.jpg	zo
20170227195702	http://d17ol771963kd3.cloudfront.net/122014/zo/PVKd3RwDPgo.jpg	2017_122014_PVKd3RwDPgo.jpg	zo
20171004091407	http://d17ol771963kd3.cloudfront.net/127709/zo/zI2p8f-Fkd4.jpg	2017_127709_zI2p8f-Fkd4.jpg	zo
20170110015527	http://d17ol771963kd3.cloudfront.net/167769/zo/2-j25_burgundy01.jpg	2017_167769_2-j25_burgundy01.jpg	zo
20170629205406	http://d17ol771963kd3.cloudfront.net/127347/zo/yTe456QgVCQ.jpg	2017_127347_yTe456QgVCQ.jpg	zo
20170227021632	http://d17ol771963kd3.cloudfront.net/120250/zo/OpAjXnHBBoQ.jpg	2017_120250_OpAjXnHBBoQ.jpg	zo
20170109000303	http://d17ol771963kd3.cloudfront.net/89145/zo/HTyKlCu_dAw.jpg	2017_89145_HTyKlCu_dAw.jpg	zo
20170218205336	http://d17ol771963kd3.cloudfront.net/105031/zo/OMg62NH493c.jpg	2017_105031_OMg62NH493c.jpg	zo
20170629112637	http://d17ol771963kd3.cloudfront.net/126657/zo/eQ9IRtVYAp8.jpg	2017_126657_eQ9IRtVYAp8.jpg	zo
20171109143223	http://d17ol771963kd3.cloudfront.net/134165/zo/-8keiWn2w7U.jpg	2017_134165_-8keiWn2w7U.jpg	zo
20170629120030	http://d17ol771963kd3.cloudfront.net/127587/zo/iA_x8jwaC0c.jpg	2017_127587_iA_x8jwaC0c.jpg	zo
20170820042726	http://d17ol771963kd3.cloudfront.net/131299/zo/jFu_BOdkPPw.jpg	2017_131299_jFu_BOdkPPw.jpg	zo
20170923182755	http://d17ol771963kd3.cloudfront.net/132021/zo/5SYWgB3QjV0.jpg	2017_132021_5SYWgB3QjV0.jpg	zo
20170222185421	http://d17ol771963kd3.cloudfront.net/89799/zo/vTlw1FxmitA.jpg	2017_89799_vTlw1FxmitA.jpg	zo
20170314080635	http://d17ol771963kd3.cloudfront.net/105075/zo/o9twrsYlGKU.jpg	2017_105075_o9twrsYlGKU.jpg	zo
20170223022625	http://d17ol771963kd3.cloudfront.net/101474/zo/k_ygUlNsjyQ.jpg	2017_101474_k_ygUlNsjyQ.jpg	zo
20170628170534	http://d17ol771963kd3.cloudfront.net/107297/zo/O2yGDM6-HNY.jpg	2017_107297_O2yGDM6-HNY.jpg	zo
20170122172313	http://d17ol771963kd3.cloudfront.net/86434/zo/OKEm71MkRFQ.jpg	2017_86434_OKEm71MkRFQ.jpg	zo
20170323152210	http://d17ol771963kd3.cloudfront.net/128696/zo/UWLGUCmgKlg.jpg	2017_128696_UWLGUCmgKlg.jpg	zo
20171104133411	http://d17ol771963kd3.cloudfront.net/71673/zo/Pw2D2_RXrTA.jpg	2017_71673_Pw2D2_RXrTA.jpg	zo
20170712175809	http://d17ol771963kd3.cloudfront.net/126111/zo/QBMsNB9SFGo.jpg	2017_126111_QBMsNB9SFGo.jpg	zo
20170101073500	http://d17ol771963kd3.cloudfront.net/110109/zo/G9zZxUmkPv4.jpg	2017_110109_G9zZxUmkPv4.jpg	zo
20170629195729	http://d17ol771963kd3.cloudfront.net/125937/zo/katAfbxtnHY.jpg	2017_125937_katAfbxtnHY.jpg	zo
20170216154355	http://d17ol771963kd3.cloudfront.net/126159/zo/dSRlm-de628.jpg	2017_126159_dSRlm-de628.jpg	zo
20170913003506	http://d17ol771963kd3.cloudfront.net/122443/zo/hSpK7dVt2Vo.jpg	2017_122443_hSpK7dVt2Vo.jpg	zo
20170219054326	http://d17ol771963kd3.cloudfront.net/107256/zo/GnKcrdw0vCw1.jpg	2017_107256_GnKcrdw0vCw1.jpg	zo
20171009143348	http://d17ol771963kd3.cloudfront.net/107179/zo/-I3wHbDQlVo.jpg	2017_107179_-I3wHbDQlVo.jpg	zo
20170125225028	http://d17ol771963kd3.cloudfront.net/110055/zo/OfdDlqh5oqU.jpg	2017_110055_OfdDlqh5oqU.jpg	zo
20170120052900	http://d17ol771963kd3.cloudfront.net/109545/zo/LhZlfgQ5O3U.jpg	2017_109545_LhZlfgQ5O3U.jpg	zo
20170218133428	http://d17ol771963kd3.cloudfront.net/110999/zo/-zi26xU-JJ8.jpg	2017_110999_-zi26xU-JJ8.jpg	zo
20170316082007	http://d17ol771963kd3.cloudfront.net/98516/zo/mdgZ8I-NN4k1.jpg	2017_98516_mdgZ8I-NN4k1.jpg	zo
20171105004505	http://d17ol771963kd3.cloudfront.net/136523/zo/-8EY8uCQfh4.jpg	2017_136523_-8EY8uCQfh4.jpg	zo
20170629211657	http://d17ol771963kd3.cloudfront.net/127302/zo/ryVqjoJKMFU.jpg	2017_127302_ryVqjoJKMFU.jpg	zo
20171105161700	http://d17ol771963kd3.cloudfront.net/136762/zo/SfeTAs1KV8Y.jpg	2017_136762_SfeTAs1KV8Y.jpg	zo
20170311221717	http://d17ol771963kd3.cloudfront.net/114111/zo/zWdQoO468ps.jpg	2017_114111_zWdQoO468ps.jpg	zo
20170226071538	http://d17ol771963kd3.cloudfront.net/110679/zo/uy2-ILaYdGw.jpg	2017_110679_uy2-ILaYdGw.jpg	zo
20170217093323	http://d17ol771963kd3.cloudfront.net/94075/zo/obGCzuvDAlo.jpg	2017_94075_obGCzuvDAlo.jpg	zo
20170221045724	http://d17ol771963kd3.cloudfront.net/94432/zo/6HAVglN6jXU.jpg	2017_94432_6HAVglN6jXU.jpg	zo
20170219053031	http://d17ol771963kd3.cloudfront.net/121787/zo/DYco9cenHNo.jpg	2017_121787_DYco9cenHNo.jpg	zo
20171018050802	http://d17ol771963kd3.cloudfront.net/93215/zo/D1DDf0z8Eag.jpg	2017_93215_D1DDf0z8Eag.jpg	zo
20170221051623	http://d17ol771963kd3.cloudfront.net/109968/zo/oqxacgsSHlY.jpg	2017_109968_oqxacgsSHlY.jpg	zo
20170822090657	http://d17ol771963kd3.cloudfront.net/131830/zo/_gi0f5DfyDA.jpg	2017_131830__gi0f5DfyDA.jpg	zo
20170627233934	http://d17ol771963kd3.cloudfront.net/125863/zo/RFuq79_ILO8.jpg	2017_125863_RFuq79_ILO8.jpg	zo
20170223022628	http://d17ol771963kd3.cloudfront.net/101473/zo/Gziuczw59-o.jpg	2017_101473_Gziuczw59-o.jpg	zo
20170629210941	http://d17ol771963kd3.cloudfront.net/127645/zo/gk3XCPenptM.jpg	2017_127645_gk3XCPenptM.jpg	zo
20170912144146	http://d17ol771963kd3.cloudfront.net/167754/zo/5-sw12_group.jpg	2017_167754_5-sw12_group.jpg	zo
20170218204329	http://d17ol771963kd3.cloudfront.net/93200/zo/xkLlXubZs6c.jpg	2017_93200_xkLlXubZs6c.jpg	zo
20171006053509	http://d17ol771963kd3.cloudfront.net/119419/zo/QBhW-FNy6Vs.jpg	2017_119419_QBhW-FNy6Vs.jpg	zo
20170823234642	http://d17ol771963kd3.cloudfront.net/125163/zo/aT-9rCGU0sA.jpg	2017_125163_aT-9rCGU0sA.jpg	zo
20171206150858	http://d17ol771963kd3.cloudfront.net/95288/zo/bWgknWBlNhM.jpg	2017_95288_bWgknWBlNhM.jpg	zo
20170919122237	http://d17ol771963kd3.cloudfront.net/103198/zo/gTpUe_dsfvQ.jpg	2017_103198_gTpUe_dsfvQ.jpg	zo
20170916233302	http://d17ol771963kd3.cloudfront.net/167967/zo/4-a14_group01_b.jpg	2017_167967_4-a14_group01_b.jpg	zo
20170221050357	http://d17ol771963kd3.cloudfront.net/94448/zo/iWXXL4chuYI.jpg	2017_94448_iWXXL4chuYI.jpg	zo
20170923182415	http://d17ol771963kd3.cloudfront.net/132024/zo/mb5UHWLNCcc.jpg	2017_132024_mb5UHWLNCcc.jpg	zo
20171024223619	http://d17ol771963kd3.cloudfront.net/97563/zo/Om4_3loTZvM.jpg	2017_97563_Om4_3loTZvM.jpg	zo
20171006053506	http://d17ol771963kd3.cloudfront.net/120305/zo/1EQQGY6zfu0.jpg	2017_120305_1EQQGY6zfu0.jpg	zo
20170102020806	http://d17ol771963kd3.cloudfront.net/88723/zo/uwWkCV840jw.jpg	2017_88723_uwWkCV840jw.jpg	zo
20171006053508	http://d17ol771963kd3.cloudfront.net/120208/zo/jml76saMU_g.jpg	2017_120208_jml76saMU_g.jpg	zo
20170219131642	http://d17ol771963kd3.cloudfront.net/92291/zo/jPFGmIHANMw.jpg	2017_92291_jPFGmIHANMw.jpg	zo
20170216235050	http://d17ol771963kd3.cloudfront.net/112920/zo/wsVW9xjkDXs.jpg	2017_112920_wsVW9xjkDXs.jpg	zo
20170122174629	http://d17ol771963kd3.cloudfront.net/86247/zo/rYlwGyEppzQ.jpg	2017_86247_rYlwGyEppzQ.jpg	zo
20170222214702	http://d17ol771963kd3.cloudfront.net/87550/zo/eIltTcdHyJM.jpg	2017_87550_eIltTcdHyJM.jpg	zo
20171009143809	http://d17ol771963kd3.cloudfront.net/121747/zo/p6xx-9ibXP8.jpg	2017_121747_p6xx-9ibXP8.jpg	zo
20180711224355	http://assets.supremenewyork.com/123322/zo/TctgDpwXdeI.jpg	2018_123322_TctgDpwXdeI.jpg	zo
20180514134842	http://assets.supremenewyork.com/125310/zo/6kAN3Kj4XEw.jpg	2018_125310_6kAN3Kj4XEw.jpg	zo
20180531044511	http://assets.supremenewyork.com/125821/zo/sk2VBVF22cY.jpg	2018_125821_sk2VBVF22cY.jpg	zo
20180320121804	http://assets.supremenewyork.com/127259/zo/Rrdk5KppH1E.jpg	2018_127259_Rrdk5KppH1E.jpg	zo
20180817143314	http://assets.supremenewyork.com/128265/zo/9HGt6-b4yCo.jpg	2018_128265_9HGt6-b4yCo.jpg	zo
20180506143656	http://assets.supremenewyork.com/135930/zo/jDG0JnwrndU.jpg	2018_135930_jDG0JnwrndU.jpg	zo
20180816061645	http://assets.supremenewyork.com/136550/zo/5Yf2mkoORnI.jpg	2018_136550_5Yf2mkoORnI.jpg	zo
20181105202247	http://assets.supremenewyork.com/136767/zo/txPR1QAl9U4.jpg	2018_136767_txPR1QAl9U4.jpg	zo
20180407161431	http://assets.supremenewyork.com/145199/zo/kYgonu2DByM.jpg	2018_145199_kYgonu2DByM.jpg	zo
20180407161429	http://assets.supremenewyork.com/145494/zo/qZSQJt-kxzA.jpg	2018_145494_qZSQJt-kxzA.jpg	zo
20180407161432	http://assets.supremenewyork.com/145649/zo/uqJ00hI3ysc.jpg	2018_145649_uqJ00hI3ysc.jpg	zo
20180407161431	http://assets.supremenewyork.com/145658/zo/ENgBujG8eEs.jpg	2018_145658_ENgBujG8eEs.jpg	zo
20180407161431	http://assets.supremenewyork.com/145677/zo/XWGIXj3NvMI.jpg	2018_145677_XWGIXj3NvMI.jpg	zo
20180407161431	http://assets.supremenewyork.com/145836/zo/4xSliYKHeSY.jpg	2018_145836_4xSliYKHeSY.jpg	zo
20180407161432	http://assets.supremenewyork.com/145910/zo/mnlbz-Xzfn4.jpg	2018_145910_mnlbz-Xzfn4.jpg	zo
20180717185510	http://assets.supremenewyork.com/146260/zo/CGW29jglpt8.jpg	2018_146260_CGW29jglpt8.jpg	zo
20180819234745	http://assets.supremenewyork.com/146448/zo/vNSPy8x55kU.jpg	2018_146448_vNSPy8x55kU.jpg	zo
20180510135803	http://assets.supremenewyork.com/146506/zo/UBvqwx4ef9c.jpg	2018_146506_UBvqwx4ef9c.jpg	zo
20180510135742	http://assets.supremenewyork.com/146589/zo/kAOjr2jbg3A.jpg	2018_146589_kAOjr2jbg3A.jpg	zo
20180511011305	http://assets.supremenewyork.com/146706/zo/H_SlNpAagHs.jpg	2018_146706_H_SlNpAagHs.jpg	zo
20180511011304	http://assets.supremenewyork.com/146713/zo/RwzYo_oDjvE.jpg	2018_146713_RwzYo_oDjvE.jpg	zo
20180819163606	http://assets.supremenewyork.com/146857/zo/3QyI8q2sheM.jpg	2018_146857_3QyI8q2sheM.jpg	zo
20180407154933	http://assets.supremenewyork.com/146936/zo/ZXl5z2_Frp4.jpg	2018_146936_ZXl5z2_Frp4.jpg	zo
20180407165017	http://assets.supremenewyork.com/147035/zo/Fpc7M4GCD34.jpg	2018_147035_Fpc7M4GCD34.jpg	zo
20180407164933	http://assets.supremenewyork.com/147071/zo/17BFWJXFKfs.jpg	2018_147071_17BFWJXFKfs.jpg	zo
20180407165347	http://assets.supremenewyork.com/147084/zo/_tDFI7Bc7AI.jpg	2018_147084__tDFI7Bc7AI.jpg	zo
20180407165525	http://assets.supremenewyork.com/147121/zo/eUBRZz3DAnk.jpg	2018_147121_eUBRZz3DAnk.jpg	zo
20181212185026	http://assets.supremenewyork.com/147332/zo/JsXjnMVlwlc.jpg	2018_147332_JsXjnMVlwlc.jpg	zo
20181212185035	http://assets.supremenewyork.com/147350/zo/kngLIhv2wbk.jpg	2018_147350_kngLIhv2wbk.jpg	zo
20180729071313	http://assets.supremenewyork.com/147450/zo/WG8F9j6FpRQ.jpg	2018_147450_WG8F9j6FpRQ.jpg	zo
20180510135751	http://assets.supremenewyork.com/147691/zo/z2wpo3hMhGE.jpg	2018_147691_z2wpo3hMhGE.jpg	zo
20180511011348	http://assets.supremenewyork.com/147839/zo/0kL-Bk69wC8.jpg	2018_147839_0kL-Bk69wC8.jpg	zo
20180511011303	http://assets.supremenewyork.com/148280/zo/VcT1HzAgpZw.jpg	2018_148280_VcT1HzAgpZw.jpg	zo
20180511011303	http://assets.supremenewyork.com/148282/zo/7qcGY-f7N68.jpg	2018_148282_7qcGY-f7N68.jpg	zo
20180511011304	http://assets.supremenewyork.com/148283/zo/C6Hj3iCXf_E.jpg	2018_148283_C6Hj3iCXf_E.jpg	zo
20180729180717	http://assets.supremenewyork.com/148389/zo/2kfpIyM9yPA.jpg	2018_148389_2kfpIyM9yPA.jpg	zo
20180510135708	http://assets.supremenewyork.com/148435/zo/YJ3QsO4FWDw.jpg	2018_148435_YJ3QsO4FWDw.jpg	zo
20180510135657	http://assets.supremenewyork.com/148454/zo/AGPPiSsdIyA.jpg	2018_148454_AGPPiSsdIyA.jpg	zo
20180725225705	http://assets.supremenewyork.com/148484/zo/7l0HaCIQzuY.jpg	2018_148484_7l0HaCIQzuY.jpg	zo
20180712043913	http://assets.supremenewyork.com/148494/zo/FOMqOI2dqGE.jpg	2018_148494_FOMqOI2dqGE.jpg	zo
20180725225141	http://assets.supremenewyork.com/148512/zo/ALCzkLzGmJM.jpg	2018_148512_ALCzkLzGmJM.jpg	zo
20180510135817	http://assets.supremenewyork.com/148607/zo/TWOVu8sasYc.jpg	2018_148607_TWOVu8sasYc.jpg	zo
20180712043836	http://assets.supremenewyork.com/148619/zo/tHb4laNfWkE.jpg	2018_148619_tHb4laNfWkE.jpg	zo
20180531145858	http://assets.supremenewyork.com/148663/zo/rtQNMwi0_Ts.jpg	2018_148663_rtQNMwi0_Ts.jpg	zo
20180730011406	http://assets.supremenewyork.com/149186/zo/y7f86DlJLAA.jpg	2018_149186_y7f86DlJLAA.jpg	zo
20180801103707	http://assets.supremenewyork.com/149187/zo/AHiy6C168yc.jpg	2018_149187_AHiy6C168yc.jpg	zo
20180712044020	http://assets.supremenewyork.com/149189/zo/gjoG8XR9PYA.jpg	2018_149189_gjoG8XR9PYA.jpg	zo
20180801103653	http://assets.supremenewyork.com/149190/zo/bnpQy-VOcaI.jpg	2018_149190_bnpQy-VOcaI.jpg	zo
20180801104844	http://assets.supremenewyork.com/149199/zo/qwsq5o8_b2A.jpg	2018_149199_qwsq5o8_b2A.jpg	zo
20181105161636	http://assets.supremenewyork.com/149559/zo/O-EA9huww6g.jpg	2018_149559_O-EA9huww6g.jpg	zo
20180407154204	http://assets.supremenewyork.com/149748/zo/lRZ-aBeVWwM.jpg	2018_149748_lRZ-aBeVWwM.jpg	zo
20180807195638	http://assets.supremenewyork.com/149765/zo/wwvXpvI4OVw.jpg	2018_149765_wwvXpvI4OVw.jpg	zo
20180416164541	http://assets.supremenewyork.com/149773/zo/InjmU_RL1Eg.jpg	2018_149773_InjmU_RL1Eg.jpg	zo
20180420020554	http://assets.supremenewyork.com/149780/zo/4h3qmM4qHJY.jpg	2018_149780_4h3qmM4qHJY.jpg	zo
20180716191332	http://assets.supremenewyork.com/149909/zo/CVsY6ESWH2w.jpg	2018_149909_CVsY6ESWH2w.jpg	zo
20180406000848	http://assets.supremenewyork.com/149954/zo/coMgHuob6dk.jpg	2018_149954_coMgHuob6dk.jpg	zo
20180407180204	http://assets.supremenewyork.com/149957/zo/j0jZeOopuE8.jpg	2018_149957_j0jZeOopuE8.jpg	zo
20180407180338	http://assets.supremenewyork.com/149961/zo/8nLmu8YLvN4.jpg	2018_149961_8nLmu8YLvN4.jpg	zo
20180407180249	http://assets.supremenewyork.com/149964/zo/5LgzY7y41xo.jpg	2018_149964_5LgzY7y41xo.jpg	zo
20180407180153	http://assets.supremenewyork.com/149982/zo/KqcNYZX8l_E.jpg	2018_149982_KqcNYZX8l_E.jpg	zo
20180407163804	http://assets.supremenewyork.com/149997/zo/0RU11OwSZt8.jpg	2018_149997_0RU11OwSZt8.jpg	zo
20180407163657	http://assets.supremenewyork.com/150003/zo/rOSw_vJAK_o.jpg	2018_150003_rOSw_vJAK_o.jpg	zo
20180407180353	http://assets.supremenewyork.com/150007/zo/GpnhY3HcrZI.jpg	2018_150007_GpnhY3HcrZI.jpg	zo
20180407180406	http://assets.supremenewyork.com/150008/zo/mPKKP70RGHs.jpg	2018_150008_mPKKP70RGHs.jpg	zo
20180407154145	http://assets.supremenewyork.com/150009/zo/WaJp_7N6nv8.jpg	2018_150009_WaJp_7N6nv8.jpg	zo
20180407180235	http://assets.supremenewyork.com/150014/zo/OsnBN9P1DIM.jpg	2018_150014_OsnBN9P1DIM.jpg	zo
20180407180212	http://assets.supremenewyork.com/150015/zo/IDclahbS4NU.jpg	2018_150015_IDclahbS4NU.jpg	zo
20180407180242	http://assets.supremenewyork.com/150016/zo/_4EtIza9qEo.jpg	2018_150016__4EtIza9qEo.jpg	zo
20180407180301	http://assets.supremenewyork.com/150017/zo/mpRN-77oBXo.jpg	2018_150017_mpRN-77oBXo.jpg	zo
20180407180312	http://assets.supremenewyork.com/150018/zo/rpcdVfipYBE.jpg	2018_150018_rpcdVfipYBE.jpg	zo
20180407180324	http://assets.supremenewyork.com/150019/zo/Vn_NWRAJbyM.jpg	2018_150019_Vn_NWRAJbyM.jpg	zo
20180407180335	http://assets.supremenewyork.com/150020/zo/rog6QlYZyn0.jpg	2018_150020_rog6QlYZyn0.jpg	zo
20180421151225	http://assets.supremenewyork.com/150304/zo/9kL2sqolioQ.jpg	2018_150304_9kL2sqolioQ.jpg	zo
20180517170321	http://assets.supremenewyork.com/150399/zo/hSZmRpfh3Eo.jpg	2018_150399_hSZmRpfh3Eo.jpg	zo
20180511011444	http://assets.supremenewyork.com/150410/zo/frNWZlmKk2s.jpg	2018_150410_frNWZlmKk2s.jpg	zo
20180511011430	http://assets.supremenewyork.com/150414/zo/4rfszvVT3KE.jpg	2018_150414_4rfszvVT3KE.jpg	zo
20180820073507	http://assets.supremenewyork.com/150432/zo/wvjay0BGTRU.jpg	2018_150432_wvjay0BGTRU.jpg	zo
20180511011448	http://assets.supremenewyork.com/150447/zo/cRMeMhjcZzs.jpg	2018_150447_cRMeMhjcZzs.jpg	zo
20180517170308	http://assets.supremenewyork.com/150464/zo/uYRM1koJytc.jpg	2018_150464_uYRM1koJytc.jpg	zo
20180517201219	http://assets.supremenewyork.com/150493/zo/rqlAtpFkBCo.jpg	2018_150493_rqlAtpFkBCo.jpg	zo
20180514081946	http://assets.supremenewyork.com/150796/zo/VWj30P0i6gA.jpg	2018_150796_VWj30P0i6gA.jpg	zo
20180510135726	http://assets.supremenewyork.com/150916/zo/ke3d7YcbHD0.jpg	2018_150916_ke3d7YcbHD0.jpg	zo
20181105161946	http://assets.supremenewyork.com/151424/zo/jvvjvIhZS4A.jpg	2018_151424_jvvjvIhZS4A.jpg	zo
20181105155948	http://assets.supremenewyork.com/151453/zo/2TTt45NvD7w.jpg	2018_151453_2TTt45NvD7w.jpg	zo
20180820072439	http://assets.supremenewyork.com/151678/zo/qIV9AY9iFTY.jpg	2018_151678_qIV9AY9iFTY.jpg	zo
20181009073102	http://assets.supremenewyork.com/156263/zo/7lk-PXvw4ww.jpg	2018_156263_7lk-PXvw4ww.jpg	zo
20181015151700	http://d17ol771963kd3.cloudfront.net/107070/zo/jjmWD0FUpOM.jpg	2018_107070_jjmWD0FUpOM.jpg	zo
20180802031136	http://d17ol771963kd3.cloudfront.net/167720/zo/1-j34_royal03.jpg	2018_167720_1-j34_royal03.jpg	zo
20180509223019	http://d17ol771963kd3.cloudfront.net/89791/zo/Sk_-ujMlZ80.jpg	2018_89791_Sk_-ujMlZ80.jpg	zo
20181221030335	http://d17ol771963kd3.cloudfront.net/137751/zo/1-metal_letters_suede_camp_cap_1329738956.jpg	2018_137751_1-metal_letters_suede_camp_cap_1329738956.jpg	zo
20180711100604	http://d17ol771963kd3.cloudfront.net/109311/zo/5awIxtFwS0c.jpg	2018_109311_5awIxtFwS0c.jpg	zo
20180322044121	http://d17ol771963kd3.cloudfront.net/109393/zo/Nk6WyiCX2EM.jpg	2018_109393_Nk6WyiCX2EM.jpg	zo
20180207114547	http://d17ol771963kd3.cloudfront.net/137696/zo/3-large_striped_shirt_1329738932.jpg	2018_137696_3-large_striped_shirt_1329738932.jpg	zo
20180406033721	http://d17ol771963kd3.cloudfront.net/114228/zo/OTXQU8448-8.jpg	2018_114228_OTXQU8448-8.jpg	zo
20180428124657	http://d17ol771963kd3.cloudfront.net/94091/zo/ndDUc6F7FSI.jpg	2018_94091_ndDUc6F7FSI.jpg	zo
20180312062942	http://d17ol771963kd3.cloudfront.net/128328/zo/Ab117eXSmdA.jpg	2018_128328_Ab117eXSmdA.jpg	zo
20180201061436	http://d17ol771963kd3.cloudfront.net/133185/zo/TTZFIBcF5C0.jpg	2018_133185_TTZFIBcF5C0.jpg	zo
20181015151646	http://d17ol771963kd3.cloudfront.net/105005/zo/vElHTbdimeU.jpg	2018_105005_vElHTbdimeU.jpg	zo
20180428131045	http://d17ol771963kd3.cloudfront.net/111369/zo/KB8JCmubC1g.jpg	2018_111369_KB8JCmubC1g.jpg	zo
20181015165947	http://d17ol771963kd3.cloudfront.net/89471/zo/_uPzgJ1QjMw.jpg	2018_89471__uPzgJ1QjMw.jpg	zo
20181105161020	http://d17ol771963kd3.cloudfront.net/87073/zo/Pk_8m44JchM.jpg	2018_87073_Pk_8m44JchM.jpg	zo
20181015115033	http://d17ol771963kd3.cloudfront.net/86655/zo/QSSG-ueYIWg.jpg	2018_86655_QSSG-ueYIWg.jpg	zo
20180103204125	http://d17ol771963kd3.cloudfront.net/148040/zo/1-pin_dot_shell_1345454851.jpg	2018_148040_1-pin_dot_shell_1345454851.jpg	zo
20181015172233	http://d17ol771963kd3.cloudfront.net/94568/zo/lZ5s02UFyYI.jpg	2018_94568_lZ5s02UFyYI.jpg	zo
20180227155131	http://d17ol771963kd3.cloudfront.net/113726/zo/UUlRGZ7eD7Y.jpg	2018_113726_UUlRGZ7eD7Y.jpg	zo
20180420183055	http://d17ol771963kd3.cloudfront.net/114581/zo/7wmpHG3unJ0.jpg	2018_114581_7wmpHG3unJ0.jpg	zo
20180311224255	http://d17ol771963kd3.cloudfront.net/95272/zo/xh3RysHzIPQ.jpg	2018_95272_xh3RysHzIPQ.jpg	zo
20180401185444	http://d17ol771963kd3.cloudfront.net/107483/zo/7qxAQ2QbN9o1.jpg	2018_107483_7qxAQ2QbN9o1.jpg	zo
20180413153112	http://d17ol771963kd3.cloudfront.net/109351/zo/uMPoNFG6t64.jpg	2018_109351_uMPoNFG6t64.jpg	zo
20180304062416	http://d17ol771963kd3.cloudfront.net/97329/zo/e7Hr65ysJ3I1.jpg	2018_97329_e7Hr65ysJ3I1.jpg	zo
20181023230417	http://d17ol771963kd3.cloudfront.net/149017/zo/Jwn_kvtEbYk.jpg	2018_149017_Jwn_kvtEbYk.jpg	zo
20180326062241	http://d17ol771963kd3.cloudfront.net/102463/zo/8MUjlFFbOP8.jpg	2018_102463_8MUjlFFbOP8.jpg	zo
20180221052707	http://d17ol771963kd3.cloudfront.net/86427/zo/sJBYOVZRez4.jpg	2018_86427_sJBYOVZRez4.jpg	zo
20181028221536	https://assets.supremenewyork.com/156260/zo/jDOrF8H9crw.jpg	2018_156260_jDOrF8H9crw.jpg	zo
20180222065136	http://d17ol771963kd3.cloudfront.net/139121/zo/6xHwO0dHC9Q.jpg	2018_139121_6xHwO0dHC9Q.jpg	zo
20180506052001	http://d17ol771963kd3.cloudfront.net/102568/zo/5e-hMMQO4AY.jpg	2018_102568_5e-hMMQO4AY.jpg	zo
20180430185202	http://d17ol771963kd3.cloudfront.net/85183/zo/2OCG_5s0wkA.jpg	2018_85183_2OCG_5s0wkA.jpg	zo
20180201061401	http://d17ol771963kd3.cloudfront.net/140161/zo/0EFIAZdl-Bk.jpg	2018_140161_0EFIAZdl-Bk.jpg	zo
20180405225009	http://d17ol771963kd3.cloudfront.net/108916/zo/_G-jOMwY_gY.jpg	2018_108916__G-jOMwY_gY.jpg	zo
20180420183031	http://d17ol771963kd3.cloudfront.net/113298/zo/dvzQFat2QS8.jpg	2018_113298_dvzQFat2QS8.jpg	zo
20180923151431	http://d17ol771963kd3.cloudfront.net/97319/zo/-p-HgZe_fUQ.jpg	2018_97319_-p-HgZe_fUQ.jpg	zo
20181015151700	http://d17ol771963kd3.cloudfront.net/107264/zo/I303Qz1lU9Y.jpg	2018_107264_I303Qz1lU9Y.jpg	zo
20180220112014	http://d17ol771963kd3.cloudfront.net/112942/zo/nmzubYaqiy1.jpg	2018_112942_nmzubYaqiy1.jpg	zo
20180430191212	http://d17ol771963kd3.cloudfront.net/88403/zo/w-pHBO-tdy0.jpg	2018_88403_w-pHBO-tdy0.jpg	zo
20181201235520	https://assets.supremenewyork.com/161592/zo/3t26SqxtulU.jpg	2018_161592_3t26SqxtulU.jpg	zo
20181015150650	http://d17ol771963kd3.cloudfront.net/109137/zo/kDs5wP4T8R0.jpg	2018_109137_kDs5wP4T8R0.jpg	zo
20180428123834	http://d17ol771963kd3.cloudfront.net/94271/zo/YGht9o8wlGw.jpg	2018_94271_YGht9o8wlGw.jpg	zo
20180702135413	http://d17ol771963kd3.cloudfront.net/117155/zo/Supreme_101207_0453CC_thumb_1292209372.jpg	2018_117155_Supreme_101207_0453CC_thumb_1292209372.jpg	zo
20180430191154	http://d17ol771963kd3.cloudfront.net/90906/zo/20Xjij3laVU.jpg	2018_90906_20Xjij3laVU.jpg	zo
20180207110434	http://d17ol771963kd3.cloudfront.net/89351/zo/MQEx0OeH9RQ.jpg	2018_89351_MQEx0OeH9RQ.jpg	zo
20180731142544	http://d17ol771963kd3.cloudfront.net/113245/zo/KK9firDB4DU.jpg	2018_113245_KK9firDB4DU.jpg	zo
20180428115446	http://d17ol771963kd3.cloudfront.net/95350/zo/glW9CmV4Caw.jpg	2018_95350_glW9CmV4Caw.jpg	zo
20180610200911	http://d17ol771963kd3.cloudfront.net/113067/zo/DRJ14DiLEi8.jpg	2018_113067_DRJ14DiLEi8.jpg	zo
20180710162038	http://d17ol771963kd3.cloudfront.net/109389/zo/BaCP4JF_s3Q.jpg	2018_109389_BaCP4JF_s3Q.jpg	zo
20180710160756	http://d17ol771963kd3.cloudfront.net/88195/zo/r0I81ZkNfIE.jpg	2018_88195_r0I81ZkNfIE.jpg	zo
20180106181732	http://d17ol771963kd3.cloudfront.net/137876/zo/jTRIIKY4HT4.jpg	2018_137876_jTRIIKY4HT4.jpg	zo
20180430192215	http://d17ol771963kd3.cloudfront.net/94610/zo/6Fj-yijm1-g.jpg	2018_94610_6Fj-yijm1-g.jpg	zo
20180207114249	http://d17ol771963kd3.cloudfront.net/137908/zo/8-celeste_tee_1329739028.jpg	2018_137908_8-celeste_tee_1329739028.jpg	zo
20180629055140	http://d17ol771963kd3.cloudfront.net/89788/zo/v58NuBzO6E0.jpg	2018_89788_v58NuBzO6E0.jpg	zo
20180612141137	https://assets.supremenewyork.com/142682/zo/4QCT201qgZc1.jpg	2018_142682_4QCT201qgZc1.jpg	zo
20180509154936	http://d17ol771963kd3.cloudfront.net/94626/zo/FZlgV4E4b-8.jpg	2018_94626_FZlgV4E4b-8.jpg	zo
20180318214726	http://d17ol771963kd3.cloudfront.net/109865/zo/__K_0YPiUno.jpg	2018_109865___K_0YPiUno.jpg	zo
20180117205414	http://d17ol771963kd3.cloudfront.net/160243/zo/7-J13_group_1361187715.jpg	2018_160243_7-J13_group_1361187715.jpg	zo
20180502043822	http://d17ol771963kd3.cloudfront.net/167887/zo/1-h49_group.jpg	2018_167887_1-h49_group.jpg	zo
20180429160643	http://d17ol771963kd3.cloudfront.net/147891/zo/sCbJ7Slo5cM.jpg	2018_147891_sCbJ7Slo5cM.jpg	zo
20180313200741	http://d17ol771963kd3.cloudfront.net/93209/zo/sRRXuYGC54o.jpg	2018_93209_sRRXuYGC54o.jpg	zo
20180428123450	http://d17ol771963kd3.cloudfront.net/89811/zo/bRDjYvxbutY.jpg	2018_89811_bRDjYvxbutY.jpg	zo
20180207130401	http://d17ol771963kd3.cloudfront.net/137681/zo/3-quilted_work_jacket_1329738926.jpg	2018_137681_3-quilted_work_jacket_1329738926.jpg	zo
20181119222417	http://d17ol771963kd3.cloudfront.net/105247/zo/bKBN3wTow30.jpg	2018_105247_bKBN3wTow30.jpg	zo
20180517164658	http://d17ol771963kd3.cloudfront.net/113418/zo/HMPSXz7w16g.jpg	2018_113418_HMPSXz7w16g.jpg	zo
20180207131045	http://d17ol771963kd3.cloudfront.net/148365/zo/2-hypnotize_minds_tee_1345454921.jpg	2018_148365_2-hypnotize_minds_tee_1345454921.jpg	zo
20181015165939	http://d17ol771963kd3.cloudfront.net/89619/zo/gC9-3J9Uq5M.jpg	2018_89619_gC9-3J9Uq5M.jpg	zo
20181015115400	http://d17ol771963kd3.cloudfront.net/167649/zo/0-j28_blue01.jpg	2018_167649_0-j28_blue01.jpg	zo
20180311224206	http://d17ol771963kd3.cloudfront.net/94234/zo/XLnNfwhP51g.jpg	2018_94234_XLnNfwhP51g.jpg	zo
20181015151650	http://d17ol771963kd3.cloudfront.net/107040/zo/bOCS3nYOgr9.jpg	2018_107040_bOCS3nYOgr9.jpg	zo
20180307152511	http://d17ol771963kd3.cloudfront.net/144519/zo/iBXSa7QtcR9.jpg	2018_144519_iBXSa7QtcR9.jpg	zo
20180220143234	http://d17ol771963kd3.cloudfront.net/107181/zo/QLZ3aWVpwJ4.jpg	2018_107181_QLZ3aWVpwJ4.jpg	zo
20180912152517	http://d17ol771963kd3.cloudfront.net/146077/zo/Wgh1SsDrPh4.jpg	2018_146077_Wgh1SsDrPh4.jpg	zo
20180312110332	http://d17ol771963kd3.cloudfront.net/85653/zo/wgZqdz5Syt8.jpg	2018_85653_wgZqdz5Syt8.jpg	zo
20180708220725	http://d17ol771963kd3.cloudfront.net/93232/zo/-ffKhLrHVGg.jpg	2018_93232_-ffKhLrHVGg.jpg	zo
20181016011027	http://d17ol771963kd3.cloudfront.net/85499/zo/4eeQqf_HRIQ.jpg	2018_85499_4eeQqf_HRIQ.jpg	zo
20180923151619	http://d17ol771963kd3.cloudfront.net/97424/zo/lzBnwClAllI.jpg	2018_97424_lzBnwClAllI.jpg	zo
20181015172305	http://d17ol771963kd3.cloudfront.net/94803/zo/H0Zcz5rjfFA.jpg	2018_94803_H0Zcz5rjfFA.jpg	zo
20181015113700	http://d17ol771963kd3.cloudfront.net/85251/zo/IrTv_Lobp8k.jpg	2018_85251_IrTv_Lobp8k.jpg	zo
20180430193149	http://d17ol771963kd3.cloudfront.net/94355/zo/trLcQNWnho0.jpg	2018_94355_trLcQNWnho0.jpg	zo
20180201061342	http://d17ol771963kd3.cloudfront.net/133431/zo/vJGBE9Cbio4.jpg	2018_133431_vJGBE9Cbio4.jpg	zo
20180307161709	http://d17ol771963kd3.cloudfront.net/145838/zo/dM19wR3d8F4.jpg	2018_145838_dM19wR3d8F4.jpg	zo
20180406171123	http://d17ol771963kd3.cloudfront.net/113704/zo/EMF8BkGpvEU.jpg	2018_113704_EMF8BkGpvEU.jpg	zo
20180428115648	http://d17ol771963kd3.cloudfront.net/110103/zo/PwijbjB5YJc.jpg	2018_110103_PwijbjB5YJc.jpg	zo
20180906190953	https://assets.supremenewyork.com/154546/zo/kuIVne-6Tb4.jpg	2018_154546_kuIVne-6Tb4.jpg	zo
20180906190953	https://assets.supremenewyork.com/155997/zo/Ow4y-p8uKAM.jpg	2018_155997_Ow4y-p8uKAM.jpg	zo
20190120213041	http://assets.supremenewyork.com/131299/zo/jFu_BOdkPPw.jpg	2019_131299_jFu_BOdkPPw.jpg	zo
20190120213026	http://assets.supremenewyork.com/131300/zo/pVH8j-m6-fQ.jpg	2019_131300_pVH8j-m6-fQ.jpg	zo
20190219222258	http://assets.supremenewyork.com/146390/zo/OTz8hGM-Wfw.jpg	2019_146390_OTz8hGM-Wfw.jpg	zo
20190207041726	http://assets.supremenewyork.com/146392/zo/A8FFT-p1IxI.jpg	2019_146392_A8FFT-p1IxI.jpg	zo
20190824184432	http://assets.supremenewyork.com/146492/zo/AiBrwHVn7F4.jpg	2019_146492_AiBrwHVn7F4.jpg	zo
20190824184408	http://assets.supremenewyork.com/146571/zo/D1kXvFErAg0.jpg	2019_146571_D1kXvFErAg0.jpg	zo
20190222041149	http://assets.supremenewyork.com/146899/zo/nKeNr_niryU.jpg	2019_146899_nKeNr_niryU.jpg	zo
20190222041215	http://assets.supremenewyork.com/146917/zo/MCHFhUqvN0w.jpg	2019_146917_MCHFhUqvN0w.jpg	zo
20190122133003	http://assets.supremenewyork.com/147323/zo/rqo6jWPI46s.jpg	2019_147323_rqo6jWPI46s.jpg	zo
20190824225527	http://assets.supremenewyork.com/148353/zo/6ulxVH77oVM.jpg	2019_148353_6ulxVH77oVM.jpg	zo
20190207015050	http://assets.supremenewyork.com/149512/zo/3Ez_mg0uszY.jpg	2019_149512_3Ez_mg0uszY.jpg	zo
20190207040453	http://assets.supremenewyork.com/149516/zo/CL-x-5vUUU4.jpg	2019_149516_CL-x-5vUUU4.jpg	zo
20190203113912	http://assets.supremenewyork.com/149523/zo/micep6hveHo.jpg	2019_149523_micep6hveHo.jpg	zo
20190207044129	http://assets.supremenewyork.com/149534/zo/cjCoCahvJTw.jpg	2019_149534_cjCoCahvJTw.jpg	zo
20190207041233	http://assets.supremenewyork.com/149548/zo/L-ktBqa0oLk.jpg	2019_149548_L-ktBqa0oLk.jpg	zo
20190522154842	http://assets.supremenewyork.com/149551/zo/9-zIXCCyUKA.jpg	2019_149551_9-zIXCCyUKA.jpg	zo
20190822224543	http://assets.supremenewyork.com/149586/zo/9tRKu6KybuM.jpg	2019_149586_9tRKu6KybuM.jpg	zo
20190207023509	http://assets.supremenewyork.com/149588/zo/VbkuweOa79s.jpg	2019_149588_VbkuweOa79s.jpg	zo
20190822224625	http://assets.supremenewyork.com/149597/zo/qNHrP5oycoU.jpg	2019_149597_qNHrP5oycoU.jpg	zo
20191111163139	http://assets.supremenewyork.com/149758/zo/B72oys0mtmM.jpg	2019_149758_B72oys0mtmM.jpg	zo
20190824225529	http://assets.supremenewyork.com/150214/zo/Pszfrt7LqL0.jpg	2019_150214_Pszfrt7LqL0.jpg	zo
20190825170833	http://assets.supremenewyork.com/156139/zo/p80PG_0ZgWc.jpg	2019_156139_p80PG_0ZgWc.jpg	zo
20190507180652	https://assets.supremenewyork.com/172100/zo/mFFHrhHBdtQ.jpg	2019_172100_mFFHrhHBdtQ.jpg	zo
20190128155731	http://d17ol771963kd3.cloudfront.net/92606/zo/UGEqZG_BSJA.jpg	2019_92606_UGEqZG_BSJA.jpg	zo
20190711050753	https://assets.supremenewyork.com/168300/zo/HcB8TVxQ4W4.jpg	2019_168300_HcB8TVxQ4W4.jpg	zo
20190105003606	https://assets.supremenewyork.com/157992/zo/NRX1UVzhbsc.jpg	2019_157992_NRX1UVzhbsc.jpg	zo
20191220160254	https://assets.supremenewyork.com/163905/zo/LWFjzl0U-3I.jpg	2019_163905_LWFjzl0U-3I.jpg	zo
20190711050754	https://assets.supremenewyork.com/169339/zo/xeb5iQ38dVA.jpg	2019_169339_xeb5iQ38dVA.jpg	zo
20190403053208	https://assets.supremenewyork.com/171013/zo/2ez05DHBjOk.jpg	2019_171013_2ez05DHBjOk.jpg	zo
20190819132037	https://assets.supremenewyork.com/175781/zo/fgDPGPNsNDg.jpg	2019_175781_fgDPGPNsNDg.jpg	zo
20190105003629	https://assets.supremenewyork.com/156786/zo/XdwZ1KvWZKE.jpg	2019_156786_XdwZ1KvWZKE.jpg	zo
20190826111538	http://d17ol771963kd3.cloudfront.net/115103/zo/1Pq1aMQQ2BU.jpg	2019_115103_1Pq1aMQQ2BU.jpg	zo
20190105003633	https://assets.supremenewyork.com/157996/zo/4XSWyLc9ikQ.jpg	2019_157996_4XSWyLc9ikQ.jpg	zo
20190826112100	http://d17ol771963kd3.cloudfront.net/114765/zo/ESw6Hl17WJU.jpg	2019_114765_ESw6Hl17WJU.jpg	zo
20190430111814	https://assets.supremenewyork.com/145727/zo/dF2SjRURUcI.jpg	2019_145727_dF2SjRURUcI.jpg	zo
20190509144830	https://assets.supremenewyork.com/169434/zo/rDJJnS9OT7w.jpg	2019_169434_rDJJnS9OT7w.jpg	zo
20190218183443	https://assets.supremenewyork.com/165908/zo/llGDGC5VG1g.jpg	2019_165908_llGDGC5VG1g.jpg	zo
20190326191851	http://d17ol771963kd3.cloudfront.net/143014/zo/O_cmcMuj4po2.jpg	2019_143014_O_cmcMuj4po2.jpg	zo
20190826124123	http://d17ol771963kd3.cloudfront.net/92798/zo/m6UzhEgQ7uQ.jpg	2019_92798_m6UzhEgQ7uQ.jpg	zo
20190711050754	https://assets.supremenewyork.com/169741/zo/jOnyQVruEmE.jpg	2019_169741_jOnyQVruEmE.jpg	zo
20190711050754	https://assets.supremenewyork.com/167474/zo/fGSXq4qACWQ.jpg	2019_167474_fGSXq4qACWQ.jpg	zo
20190430072016	https://assets.supremenewyork.com/145725/zo/pJR9lX8mCW8.jpg	2019_145725_pJR9lX8mCW8.jpg	zo
20190711050803	https://assets.supremenewyork.com/166198/zo/LdzXbPgExD8.jpg	2019_166198_LdzXbPgExD8.jpg	zo
20190428130100	https://assets.supremenewyork.com/165905/zo/CBFf-paSWIU.jpg	2019_165905_CBFf-paSWIU.jpg	zo
20190727014820	http://d17ol771963kd3.cloudfront.net/140042/zo/r8ocR2HFS_E.jpg	2019_140042_r8ocR2HFS_E.jpg	zo
20190105003500	https://assets.supremenewyork.com/158039/zo/JOP7ZNflYVk.jpg	2019_158039_JOP7ZNflYVk.jpg	zo
20190428134409	https://assets.supremenewyork.com/165022/zo/crRYiP2j12E1.jpg	2019_165022_crRYiP2j12E1.jpg	zo
20190711050819	https://assets.supremenewyork.com/169759/zo/4cz08ffOdvc.jpg	2019_169759_4cz08ffOdvc.jpg	zo
20190507065302	https://assets.supremenewyork.com/164978/zo/y8RvhMIqxY8.jpg	2019_164978_y8RvhMIqxY8.jpg	zo
20190216184415	http://d17ol771963kd3.cloudfront.net/114373/zo/OQkxNq46VyA.jpg	2019_114373_OQkxNq46VyA.jpg	zo
20190711050755	https://assets.supremenewyork.com/167657/zo/iIyNhcFLQQQ.jpg	2019_167657_iIyNhcFLQQQ.jpg	zo
20191212164921	https://assets.supremenewyork.com/177314/zo/eJSvdmtEuxU.jpg	2019_177314_eJSvdmtEuxU.jpg	zo
20190105003709	https://assets.supremenewyork.com/155281/zo/RQBLGqaPQJc.jpg	2019_155281_RQBLGqaPQJc.jpg	zo
20190105003541	https://assets.supremenewyork.com/158506/zo/PxUju_-_pBA.jpg	2019_158506_PxUju_-_pBA.jpg	zo
20190819132036	https://assets.supremenewyork.com/175704/zo/D4wImtjmY4w.jpg	2019_175704_D4wImtjmY4w.jpg	zo
20190826123916	http://d17ol771963kd3.cloudfront.net/92797/zo/zTcL2ind2RU.jpg	2019_92797_zTcL2ind2RU.jpg	zo
20191010111835	http://d17ol771963kd3.cloudfront.net/105024/zo/dKqy7cy6dyY.jpg	2019_105024_dKqy7cy6dyY.jpg	zo
20190105003523	https://assets.supremenewyork.com/157706/zo/tK6ysiStH0o.jpg	2019_157706_tK6ysiStH0o.jpg	zo
20190121061642	http://d17ol771963kd3.cloudfront.net/128402/zo/0DIBn1ePFLw.jpg	2019_128402_0DIBn1ePFLw.jpg	zo
20190430064322	https://assets.supremenewyork.com/143238/zo/30ccTn99yOU1.jpg	2019_143238_30ccTn99yOU1.jpg	zo
20191230003814	https://assets.supremenewyork.com/175732/zo/ze-OULgCNZg.jpg	2019_175732_ze-OULgCNZg.jpg	zo
20190507194331	https://assets.supremenewyork.com/163690/zo/v0C2mHwkGjI.jpg	2019_163690_v0C2mHwkGjI.jpg	zo
20190727005458	http://d17ol771963kd3.cloudfront.net/140775/zo/ax6mCiQ7qHI.jpg	2019_140775_ax6mCiQ7qHI.jpg	zo
20190711050753	https://assets.supremenewyork.com/168252/zo/YVShQ2RVLfY.jpg	2019_168252_YVShQ2RVLfY.jpg	zo
20190727005934	http://d17ol771963kd3.cloudfront.net/140702/zo/nbznIdGMCQ0.jpg	2019_140702_nbznIdGMCQ0.jpg	zo
20190711050811	https://assets.supremenewyork.com/169575/zo/4iJYO5Df1sI.jpg	2019_169575_4iJYO5Df1sI.jpg	zo
20190105003635	https://assets.supremenewyork.com/158138/zo/zDfiMkCu0hY.jpg	2019_158138_zDfiMkCu0hY.jpg	zo
20190711050811	https://assets.supremenewyork.com/167658/zo/LgPSVGFgS_0.jpg	2019_167658_LgPSVGFgS_0.jpg	zo
20190711050754	https://assets.supremenewyork.com/168636/zo/gBhTg6TDAGs.jpg	2019_168636_gBhTg6TDAGs.jpg	zo
20191220184817	https://assets.supremenewyork.com/175931/zo/HqvrbUNBFDo.jpg	2019_175931_HqvrbUNBFDo.jpg	zo
20190903173554	https://assets.supremenewyork.com/127627/zo/jV67dH_rFY0.jpg	2019_127627_jV67dH_rFY0.jpg	zo
20190105003651	https://assets.supremenewyork.com/155435/zo/WPBS8-GGH2Q.jpg	2019_155435_WPBS8-GGH2Q.jpg	zo
20190827124142	http://d17ol771963kd3.cloudfront.net/98503/zo/gefGAjzHwaM1.jpg	2019_98503_gefGAjzHwaM1.jpg	zo
20191212164816	https://assets.supremenewyork.com/180049/zo/WG10S1L8phg.jpg	2019_180049_WG10S1L8phg.jpg	zo
20190711050755	https://assets.supremenewyork.com/169490/zo/mm0cqgqJ2LQ.jpg	2019_169490_mm0cqgqJ2LQ.jpg	zo
20191228013420	https://assets.supremenewyork.com/174266/zo/fvXJa_fi549.jpg	2019_174266_fvXJa_fi549.jpg	zo
20191226100507	https://assets.supremenewyork.com/179965/zo/rO_G8a4nMeM.jpg	2019_179965_rO_G8a4nMeM.jpg	zo
20190428165832	https://assets.supremenewyork.com/165472/zo/yx4G2kKw47o1.jpg	2019_165472_yx4G2kKw47o1.jpg	zo
20190105003543	https://assets.supremenewyork.com/160606/zo/-gyX65TDKVs.jpg	2019_160606_-gyX65TDKVs.jpg	zo
20190819132037	https://assets.supremenewyork.com/175662/zo/_SsZYA5rZtU.jpg	2019_175662__SsZYA5rZtU.jpg	zo
20190105003657	https://assets.supremenewyork.com/154593/zo/QQ78LWVLNDc.jpg	2019_154593_QQ78LWVLNDc.jpg	zo
20191229011644	https://assets.supremenewyork.com/175418/zo/ZW7h-zXR5Ys3.jpg	2019_175418_ZW7h-zXR5Ys3.jpg	zo
20190826123902	http://d17ol771963kd3.cloudfront.net/91895/zo/p9FCwIeyLBw.jpg	2019_91895_p9FCwIeyLBw.jpg	zo
20190418151543	https://assets.supremenewyork.com/167230/zo/letM0RYuKBQ.jpg	2019_167230_letM0RYuKBQ.jpg	zo
20190507082152	https://assets.supremenewyork.com/163731/zo/uRxmuWZksag.jpg	2019_163731_uRxmuWZksag.jpg	zo
20190430073541	https://assets.supremenewyork.com/142875/zo/3G5Q9VayZa5.jpg	2019_142875_3G5Q9VayZa5.jpg	zo
20190727020256	http://d17ol771963kd3.cloudfront.net/135263/zo/Hp1NizjyBxE1.jpg	2019_135263_Hp1NizjyBxE1.jpg	zo
20191228150558	https://assets.supremenewyork.com/175018/zo/hiDcRFIyrsQ.jpg	2019_175018_hiDcRFIyrsQ.jpg	zo
20190711050811	https://assets.supremenewyork.com/167416/zo/q-BHlOCZuEo.jpg	2019_167416_q-BHlOCZuEo.jpg	zo
20190509082716	http://d17ol771963kd3.cloudfront.net/111007/zo/kzD0CcD4wa4.jpg	2019_111007_kzD0CcD4wa4.jpg	zo
20190224232546	https://assets.supremenewyork.com/154913/zo/sR2lRcyBSgo.jpg	2019_154913_sR2lRcyBSgo.jpg	zo
20191212164915	https://assets.supremenewyork.com/177489/zo/qY4US2TZKT4.jpg	2019_177489_qY4US2TZKT4.jpg	zo
20191212164816	https://assets.supremenewyork.com/176201/zo/wWqFxiRMkrs.jpg	2019_176201_wWqFxiRMkrs.jpg	zo
20190711050812	https://assets.supremenewyork.com/167415/zo/olmsBRuhGC8.jpg	2019_167415_olmsBRuhGC8.jpg	zo
20190203105922	http://d17ol771963kd3.cloudfront.net/111385/zo/-GsQlMjI5yo.jpg	2019_111385_-GsQlMjI5yo.jpg	zo
20190711050753	https://assets.supremenewyork.com/170064/zo/cj-eGDWhKtw.jpg	2019_170064_cj-eGDWhKtw.jpg	zo
20191212164816	https://assets.supremenewyork.com/179770/zo/9-pFJoDBxeE.jpg	2019_179770_9-pFJoDBxeE.jpg	zo
20190711050755	https://assets.supremenewyork.com/169875/zo/FskRF26tsA4.jpg	2019_169875_FskRF26tsA4.jpg	zo
20190105003734	https://assets.supremenewyork.com/156777/zo/whPx2-briCY.jpg	2019_156777_whPx2-briCY.jpg	zo
20190727004403	http://d17ol771963kd3.cloudfront.net/132893/zo/uzzqHiaf4PE.jpg	2019_132893_uzzqHiaf4PE.jpg	zo
20190210151535	http://d17ol771963kd3.cloudfront.net/122451/zo/bsqAVwaydpg.jpg	2019_122451_bsqAVwaydpg.jpg	zo
20191220011337	https://assets.supremenewyork.com/173850/zo/UqXiLYRiwrA.jpg	2019_173850_UqXiLYRiwrA.jpg	zo
20190711050753	https://assets.supremenewyork.com/170068/zo/1Qpy3X3xKgc.jpg	2019_170068_1Qpy3X3xKgc.jpg	zo
20190727005624	http://d17ol771963kd3.cloudfront.net/132907/zo/WQAZZMEkmvY.jpg	2019_132907_WQAZZMEkmvY.jpg	zo
20191220040650	https://assets.supremenewyork.com/173664/zo/OpV2O0_87Ns.jpg	2019_173664_OpV2O0_87Ns.jpg	zo
20190105003703	https://assets.supremenewyork.com/157990/zo/BGzcsJex7Yk.jpg	2019_157990_BGzcsJex7Yk.jpg	zo
20190527045104	https://assets.supremenewyork.com/163554/zo/RfpsEULw3mA.jpg	2019_163554_RfpsEULw3mA.jpg	zo
20190711050755	https://assets.supremenewyork.com/170527/zo/OidopGITSLU.jpg	2019_170527_OidopGITSLU.jpg	zo
20190219091913	http://d17ol771963kd3.cloudfront.net/124756/zo/wvogxboucQg.jpg	2019_124756_wvogxboucQg.jpg	zo
20190430074500	https://assets.supremenewyork.com/151150/zo/gl_N3LaIvi4.jpg	2019_151150_gl_N3LaIvi4.jpg	zo
20190105003502	https://assets.supremenewyork.com/159106/zo/YCBCW2DU1bc.jpg	2019_159106_YCBCW2DU1bc.jpg	zo
20190108071911	http://d17ol771963kd3.cloudfront.net/113721/zo/TaY9pbyUAHs.jpg	2019_113721_TaY9pbyUAHs.jpg	zo
20191212164817	https://assets.supremenewyork.com/178720/zo/zv_hGJQoJjE.jpg	2019_178720_zv_hGJQoJjE.jpg	zo
20190507110334	https://assets.supremenewyork.com/172011/zo/8MMY7hbj1N4.jpg	2019_172011_8MMY7hbj1N4.jpg	zo
20190402084056	https://assets.supremenewyork.com/171032/zo/NZ3tjKp3XoI.jpg	2019_171032_NZ3tjKp3XoI.jpg	zo
20191212164819	https://assets.supremenewyork.com/176937/zo/zh2Q6Dx6ZHc.jpg	2019_176937_zh2Q6Dx6ZHc.jpg	zo
20190428122256	https://assets.supremenewyork.com/164833/zo/xkfGBnLEgMw1.jpg	2019_164833_xkfGBnLEgMw1.jpg	zo
20191016020038	http://d17ol771963kd3.cloudfront.net/110270/zo/kiAyfnJnegU.jpg	2019_110270_kiAyfnJnegU.jpg	zo
20190711050754	https://assets.supremenewyork.com/168509/zo/HK5uPRQUNxY.jpg	2019_168509_HK5uPRQUNxY.jpg	zo
20190105003603	https://assets.supremenewyork.com/156462/zo/b9SFAfp0wxc.jpg	2019_156462_b9SFAfp0wxc.jpg	zo
20190711050753	https://assets.supremenewyork.com/169856/zo/7A4hQPYqods.jpg	2019_169856_7A4hQPYqods.jpg	zo
20190105003639	https://assets.supremenewyork.com/158614/zo/TFbz5Nw1HZE.jpg	2019_158614_TFbz5Nw1HZE.jpg	zo
20190711050755	https://assets.supremenewyork.com/166842/zo/E-Kmrn0P-DA.jpg	2019_166842_E-Kmrn0P-DA.jpg	zo
20190428222410	https://assets.supremenewyork.com/143108/zo/m8eZO0uqyow5.jpg	2019_143108_m8eZO0uqyow5.jpg	zo
20190711050753	https://assets.supremenewyork.com/172633/zo/uyBYGsQ2528.jpg	2019_172633_uyBYGsQ2528.jpg	zo
20190523001349	http://d17ol771963kd3.cloudfront.net/90539/zo/p5T6zAl8_SU.jpg	2019_90539_p5T6zAl8_SU.jpg	zo
20190105003602	https://assets.supremenewyork.com/154760/zo/m6J_gfv3R8E.jpg	2019_154760_m6J_gfv3R8E.jpg	zo
20190827124229	http://d17ol771963kd3.cloudfront.net/98554/zo/pBdc0P9VGO9.jpg	2019_98554_pBdc0P9VGO9.jpg	zo
20190407004243	http://d17ol771963kd3.cloudfront.net/110379/zo/zEVO9TsFeAc.jpg	2019_110379_zEVO9TsFeAc.jpg	zo
20190507062929	https://assets.supremenewyork.com/172028/zo/nKb9fak2X6w.jpg	2019_172028_nKb9fak2X6w.jpg	zo
20190428151842	https://assets.supremenewyork.com/164945/zo/8B70XWm_HH9.jpg	2019_164945_8B70XWm_HH9.jpg	zo
20190824225527	https://assets.supremenewyork.com/156633/zo/4zavtJ9Zlr0.jpg	2019_156633_4zavtJ9Zlr0.jpg	zo
20190221072711	http://d17ol771963kd3.cloudfront.net/148047/zo/0SeOoFMp_Y8.jpg	2019_148047_0SeOoFMp_Y8.jpg	zo
20190407204608	https://assets.supremenewyork.com/168356/zo/dlgUMxVuEtA.jpg	2019_168356_dlgUMxVuEtA.jpg	zo
20190711050755	https://assets.supremenewyork.com/166444/zo/AfSlUb0j8-E.jpg	2019_166444_AfSlUb0j8-E.jpg	zo
20190507052142	https://assets.supremenewyork.com/172018/zo/392ipvc72rE.jpg	2019_172018_392ipvc72rE.jpg	zo
20191230125547	https://assets.supremenewyork.com/179915/zo/J6qnczenCn4.jpg	2019_179915_J6qnczenCn4.jpg	zo
20190430070534	https://assets.supremenewyork.com/153587/zo/i6v_BYUu79U1.jpg	2019_153587_i6v_BYUu79U1.jpg	zo
20190824153518	http://d17ol771963kd3.cloudfront.net/146496/zo/yykSk_jFtGQ.jpg	2019_146496_yykSk_jFtGQ.jpg	zo
20190428122243	https://assets.supremenewyork.com/165489/zo/DjLL8_ttmE10.jpg	2019_165489_DjLL8_ttmE10.jpg	zo
20190819132039	https://assets.supremenewyork.com/175947/zo/Lvn-yc0U1zM.jpg	2019_175947_Lvn-yc0U1zM.jpg	zo
20190430075024	https://assets.supremenewyork.com/151134/zo/uMr9ggZN9IE.jpg	2019_151134_uMr9ggZN9IE.jpg	zo
20191227101007	https://assets.supremenewyork.com/175129/zo/c9SI7y6lj5I1.jpg	2019_175129_c9SI7y6lj5I1.jpg	zo
20190105003631	https://assets.supremenewyork.com/156322/zo/9_MO3AUudqA.jpg	2019_156322_9_MO3AUudqA.jpg	zo
20190711050753	https://assets.supremenewyork.com/169764/zo/Hjdpv298OaE.jpg	2019_169764_Hjdpv298OaE.jpg	zo
20190430072224	https://assets.supremenewyork.com/151630/zo/7nyCLbvdRus.jpg	2019_151630_7nyCLbvdRus.jpg	zo
20191212164821	https://assets.supremenewyork.com/176415/zo/TONglf3nq-I.jpg	2019_176415_TONglf3nq-I.jpg	zo
20190711050811	https://assets.supremenewyork.com/168232/zo/LYR41qPy6R0.jpg	2019_168232_LYR41qPy6R0.jpg	zo
20190216004403	http://d17ol771963kd3.cloudfront.net/124351/zo/qLnyvaFoBcE.jpg	2019_124351_qLnyvaFoBcE.jpg	zo
20191231124514	https://assets.supremenewyork.com/173524/zo/sF1DUt-wUw4.jpg	2019_173524_sF1DUt-wUw4.jpg	zo
20190711050820	https://assets.supremenewyork.com/168902/zo/5IMVKB-hDDM.jpg	2019_168902_5IMVKB-hDDM.jpg	zo
20190826112128	http://d17ol771963kd3.cloudfront.net/114405/zo/JU-EpYV7wWM.jpg	2019_114405_JU-EpYV7wWM.jpg	zo
20190430070647	https://assets.supremenewyork.com/145025/zo/swxkyttlfz9.jpg	2019_145025_swxkyttlfz9.jpg	zo
20190221232300	http://d17ol771963kd3.cloudfront.net/147979/zo/g3D_P0IjoVM.jpg	2019_147979_g3D_P0IjoVM.jpg	zo
20190105003659	https://assets.supremenewyork.com/156338/zo/TcPdkzu7lJU.jpg	2019_156338_TcPdkzu7lJU.jpg	zo
20190510135604	http://d17ol771963kd3.cloudfront.net/102167/zo/eepmAPryIFw.jpg	2019_102167_eepmAPryIFw.jpg	zo
20190430084524	https://assets.supremenewyork.com/154190/zo/kgwTbMYB8Xs1.jpg	2019_154190_kgwTbMYB8Xs1.jpg	zo
20190711050811	https://assets.supremenewyork.com/168233/zo/0bU7zJRJOso.jpg	2019_168233_0bU7zJRJOso.jpg	zo
20190827134518	http://d17ol771963kd3.cloudfront.net/167739/zo/1-s16_khaki02.jpg	2019_167739_1-s16_khaki02.jpg	zo
20191227005248	https://assets.supremenewyork.com/178965/zo/4-dXcwkAR4c.jpg	2019_178965_4-dXcwkAR4c.jpg	zo
20190711050819	https://assets.supremenewyork.com/169576/zo/aB8mgQuHPGc.jpg	2019_169576_aB8mgQuHPGc.jpg	zo
20190216004737	http://d17ol771963kd3.cloudfront.net/124345/zo/T_QCWhlrVcY.jpg	2019_124345_T_QCWhlrVcY.jpg	zo
20191212164818	https://assets.supremenewyork.com/176936/zo/poGmo_WbRSY.jpg	2019_176936_poGmo_WbRSY.jpg	zo
20190825115010	http://d17ol771963kd3.cloudfront.net/148088/zo/VDME6MLQkck.jpg	2019_148088_VDME6MLQkck.jpg	zo
20190711050754	https://assets.supremenewyork.com/172963/zo/Ee5kniSjWd0.jpg	2019_172963_Ee5kniSjWd0.jpg	zo
20190427010428	https://assets.supremenewyork.com/168742/zo/xQeAuf3CTj8.jpg	2019_168742_xQeAuf3CTj8.jpg	zo
20190711050753	https://assets.supremenewyork.com/169860/zo/qe74FNhanCQ.jpg	2019_169860_qe74FNhanCQ.jpg	zo
20190711050754	https://assets.supremenewyork.com/169691/zo/fYKv99yFras.jpg	2019_169691_fYKv99yFras.jpg	zo
20190105003718	https://assets.supremenewyork.com/154763/zo/kcKIMZbblqI.jpg	2019_154763_kcKIMZbblqI.jpg	zo
20191219161353	https://assets.supremenewyork.com/175856/zo/4Tm5b4xdkWA.jpg	2019_175856_4Tm5b4xdkWA.jpg	zo
20190727005151	http://d17ol771963kd3.cloudfront.net/132912/zo/TBZ6PvrsEX0.jpg	2019_132912_TBZ6PvrsEX0.jpg	zo
20201109042731	http://assets.supremenewyork.com/104916/zo/fee3p0QX-v0.jpg	2020_104916_fee3p0QX-v0.jpg	zo
20201109030616	http://assets.supremenewyork.com/127268/zo/jZMDAwpTNfY.jpg	2020_127268_jZMDAwpTNfY.jpg	zo
20201029194845	http://assets.supremenewyork.com/127557/zo/1mBU05J_IH4.jpg	2020_127557_1mBU05J_IH4.jpg	zo
20201109001024	http://assets.supremenewyork.com/127655/zo/6CED8f7qpc4.jpg	2020_127655_6CED8f7qpc4.jpg	zo
20201109035056	http://assets.supremenewyork.com/132338/zo/I63QNUUom4Q.jpg	2020_132338_I63QNUUom4Q.jpg	zo
20201109001528	http://assets.supremenewyork.com/133321/zo/Sp08HMyctyI.jpg	2020_133321_Sp08HMyctyI.jpg	zo
20201109000911	http://assets.supremenewyork.com/133469/zo/5SyEUIvLyHw.jpg	2020_133469_5SyEUIvLyHw.jpg	zo
20201109021603	http://assets.supremenewyork.com/133800/zo/_9E4E5Mmu6U.jpg	2020_133800__9E4E5Mmu6U.jpg	zo
20201109043541	http://assets.supremenewyork.com/135598/zo/Optical_black_1319422663.jpg	2020_135598_Optical_black_1319422663.jpg	zo
20201109012853	http://assets.supremenewyork.com/136094/zo/W7ykb43TL1w.jpg	2020_136094_W7ykb43TL1w.jpg	zo
20201109001353	http://assets.supremenewyork.com/142873/zo/aZvDAglpPuE1.jpg	2020_142873_aZvDAglpPuE1.jpg	zo
20201109000846	http://assets.supremenewyork.com/144221/zo/JHHXwhqa2mA.jpg	2020_144221_JHHXwhqa2mA.jpg	zo
20201103224807	http://assets.supremenewyork.com/144443/zo/_NU9wzcw719.jpg	2020_144443__NU9wzcw719.jpg	zo
20201103225359	http://assets.supremenewyork.com/144452/zo/f6Cjyx7jxRU1.jpg	2020_144452_f6Cjyx7jxRU1.jpg	zo
20201103230812	http://assets.supremenewyork.com/144455/zo/J_PVg8aM9mA1.jpg	2020_144455_J_PVg8aM9mA1.jpg	zo
20201103222523	http://assets.supremenewyork.com/144456/zo/zzXBg90AAHA1.jpg	2020_144456_zzXBg90AAHA1.jpg	zo
20201103222412	http://assets.supremenewyork.com/144493/zo/gVO1BbSvqzM1.jpg	2020_144493_gVO1BbSvqzM1.jpg	zo
20201103222355	http://assets.supremenewyork.com/144519/zo/iBXSa7QtcR9.jpg	2020_144519_iBXSa7QtcR9.jpg	zo
20201103222717	http://assets.supremenewyork.com/144561/zo/-MchrP-64CI1.jpg	2020_144561_-MchrP-64CI1.jpg	zo
20201103230823	http://assets.supremenewyork.com/144567/zo/G4LrUvrlYgU1.jpg	2020_144567_G4LrUvrlYgU1.jpg	zo
20201103222935	http://assets.supremenewyork.com/144870/zo/vzhOBGkQ-v4.jpg	2020_144870_vzhOBGkQ-v4.jpg	zo
20201103230835	http://assets.supremenewyork.com/145098/zo/gWRQEWLiPDs1.jpg	2020_145098_gWRQEWLiPDs1.jpg	zo
20201103230723	http://assets.supremenewyork.com/145631/zo/1L9BgB90Od9.jpg	2020_145631_1L9BgB90Od9.jpg	zo
20201103223522	http://assets.supremenewyork.com/145737/zo/FJHlfcnx-AI.jpg	2020_145737_FJHlfcnx-AI.jpg	zo
20201103231020	http://assets.supremenewyork.com/145738/zo/1EomPi91AYo.jpg	2020_145738_1EomPi91AYo.jpg	zo
20201103225328	http://assets.supremenewyork.com/145739/zo/sd56WBy1neo.jpg	2020_145739_sd56WBy1neo.jpg	zo
20201103225121	http://assets.supremenewyork.com/145740/zo/i2Difhg8nEA.jpg	2020_145740_i2Difhg8nEA.jpg	zo
20201103225702	http://assets.supremenewyork.com/145741/zo/JJuXGqUZH1w.jpg	2020_145741_JJuXGqUZH1w.jpg	zo
20201103231058	http://assets.supremenewyork.com/145750/zo/vRWMSSOKIRw.jpg	2020_145750_vRWMSSOKIRw.jpg	zo
20201103222807	http://assets.supremenewyork.com/145826/zo/ZkXbgQ3aPho.jpg	2020_145826_ZkXbgQ3aPho.jpg	zo
20201103230546	http://assets.supremenewyork.com/145827/zo/vOcngU-S9ZU.jpg	2020_145827_vOcngU-S9ZU.jpg	zo
20201103221832	http://assets.supremenewyork.com/145829/zo/G-hIW1cCNt0.jpg	2020_145829_G-hIW1cCNt0.jpg	zo
20201103223243	http://assets.supremenewyork.com/145830/zo/Gfcwk93FIZA.jpg	2020_145830_Gfcwk93FIZA.jpg	zo
20201103230351	http://assets.supremenewyork.com/145834/zo/C-V2HSxBeNM.jpg	2020_145834_C-V2HSxBeNM.jpg	zo
20201103223924	http://assets.supremenewyork.com/145885/zo/J6w4q3o5n6A.jpg	2020_145885_J6w4q3o5n6A.jpg	zo
20201103222142	http://assets.supremenewyork.com/145915/zo/Unq6QQIvcyA1.jpg	2020_145915_Unq6QQIvcyA1.jpg	zo
20201103230755	http://assets.supremenewyork.com/145916/zo/qZAH1TsX3gM.jpg	2020_145916_qZAH1TsX3gM.jpg	zo
20200302175155	http://assets.supremenewyork.com/148018/zo/TUx7Gk5NHJA.jpg	2020_148018_TUx7Gk5NHJA.jpg	zo
20201018212924	http://assets.supremenewyork.com/153860/zo/FkIzS8-1SMI.jpg	2020_153860_FkIzS8-1SMI.jpg	zo
20201018213142	http://assets.supremenewyork.com/153961/zo/Z7sLmRGyN7o.jpg	2020_153961_Z7sLmRGyN7o.jpg	zo
20201018213023	http://assets.supremenewyork.com/154099/zo/r6y7fxlB80A.jpg	2020_154099_r6y7fxlB80A.jpg	zo
20201018213341	http://assets.supremenewyork.com/154424/zo/1_NhvoWbvSg.jpg	2020_154424_1_NhvoWbvSg.jpg	zo
20201018213112	http://assets.supremenewyork.com/154453/zo/-YOJqLmA-Zw.jpg	2020_154453_-YOJqLmA-Zw.jpg	zo
20201018213243	http://assets.supremenewyork.com/155852/zo/Y5XNRhp2oMU.jpg	2020_155852_Y5XNRhp2oMU.jpg	zo
20201018213041	http://assets.supremenewyork.com/155912/zo/lK_umBVfa9s.jpg	2020_155912_lK_umBVfa9s.jpg	zo
20201018213012	http://assets.supremenewyork.com/156023/zo/EULGIK6PYdA.jpg	2020_156023_EULGIK6PYdA.jpg	zo
20201018213156	http://assets.supremenewyork.com/156025/zo/gaKOkR2fOw8.jpg	2020_156025_gaKOkR2fOw8.jpg	zo
20201018212948	http://assets.supremenewyork.com/156067/zo/FaxLy2dx18I.jpg	2020_156067_FaxLy2dx18I.jpg	zo
20201103220023	http://assets.supremenewyork.com/163280/zo/9n3xSfY9KVg.jpg	2020_163280_9n3xSfY9KVg.jpg	zo
20201103214030	http://assets.supremenewyork.com/163304/zo/ttGZeE4CJyU.jpg	2020_163304_ttGZeE4CJyU.jpg	zo
20201103212226	http://assets.supremenewyork.com/163310/zo/9N7htnIeKl8.jpg	2020_163310_9N7htnIeKl8.jpg	zo
20201103212815	http://assets.supremenewyork.com/163316/zo/ftTpWNTCZ3g.jpg	2020_163316_ftTpWNTCZ3g.jpg	zo
20201103213210	http://assets.supremenewyork.com/163326/zo/fKHAltQo5DA.jpg	2020_163326_fKHAltQo5DA.jpg	zo
20201103220841	http://assets.supremenewyork.com/163346/zo/aLXK5FdnqcA.jpg	2020_163346_aLXK5FdnqcA.jpg	zo
20201103213027	http://assets.supremenewyork.com/163904/zo/51zExFLsdiw.jpg	2020_163904_51zExFLsdiw.jpg	zo
20201103220946	http://assets.supremenewyork.com/163910/zo/WnGPGfpLgsQ.jpg	2020_163910_WnGPGfpLgsQ.jpg	zo
20201103220640	http://assets.supremenewyork.com/164004/zo/NYEqZ1AphOw.jpg	2020_164004_NYEqZ1AphOw.jpg	zo
20200929022404	http://assets.supremenewyork.com/164998/zo/81cKtg3vydM1.jpg	2020_164998_81cKtg3vydM1.jpg	zo
20201103220005	http://assets.supremenewyork.com/165199/zo/oBLjfu3HFOk.jpg	2020_165199_oBLjfu3HFOk.jpg	zo
20201103215240	http://assets.supremenewyork.com/165365/zo/hozAgBD5z9g.jpg	2020_165365_hozAgBD5z9g.jpg	zo
20201103212854	http://assets.supremenewyork.com/165378/zo/iF1oVvgrdqI.jpg	2020_165378_iF1oVvgrdqI.jpg	zo
20201103214856	http://assets.supremenewyork.com/165712/zo/s9lb715ifg0.jpg	2020_165712_s9lb715ifg0.jpg	zo
20201103215256	http://assets.supremenewyork.com/165903/zo/GuGYvnZZ9RY.jpg	2020_165903_GuGYvnZZ9RY.jpg	zo
20201103212158	http://assets.supremenewyork.com/165908/zo/llGDGC5VG1g1.jpg	2020_165908_llGDGC5VG1g1.jpg	zo
20201103213642	http://assets.supremenewyork.com/165910/zo/nRvLRe1J2EE.jpg	2020_165910_nRvLRe1J2EE.jpg	zo
20201103220656	http://assets.supremenewyork.com/165911/zo/UEZLOmXH_S0.jpg	2020_165911_UEZLOmXH_S0.jpg	zo
20201103220736	http://assets.supremenewyork.com/165914/zo/ZygJhRTU07o.jpg	2020_165914_ZygJhRTU07o.jpg	zo
20201103215420	http://assets.supremenewyork.com/165915/zo/BUsr-EC43js.jpg	2020_165915_BUsr-EC43js.jpg	zo
20201103215450	http://assets.supremenewyork.com/165916/zo/KuLnBQ-Wl3A.jpg	2020_165916_KuLnBQ-Wl3A.jpg	zo
20201103220115	http://assets.supremenewyork.com/165919/zo/QcaQoZ3jC7w1.jpg	2020_165919_QcaQoZ3jC7w1.jpg	zo
20201103213121	http://assets.supremenewyork.com/165993/zo/tZ4BDX9GsTw.jpg	2020_165993_tZ4BDX9GsTw.jpg	zo
20201103220825	http://assets.supremenewyork.com/165995/zo/xkPl6XH0cuA.jpg	2020_165995_xkPl6XH0cuA.jpg	zo
20201103213057	http://assets.supremenewyork.com/166006/zo/CTNNzXYr0eI1.jpg	2020_166006_CTNNzXYr0eI1.jpg	zo
20201106065442	http://assets.supremenewyork.com/173444/zo/eh7NiquCKnI.jpg	2020_173444_eh7NiquCKnI.jpg	zo
20201106065507	http://assets.supremenewyork.com/173452/zo/O0VAYPiJRJM.jpg	2020_173452_O0VAYPiJRJM.jpg	zo
20201023180854	http://assets.supremenewyork.com/173569/zo/yz9AzgebqRY.jpg	2020_173569_yz9AzgebqRY.jpg	zo
20201106065525	http://assets.supremenewyork.com/173595/zo/Yne1RH7wTP0.jpg	2020_173595_Yne1RH7wTP0.jpg	zo
20201023180802	http://assets.supremenewyork.com/174627/zo/GSWaTOh412U1.jpg	2020_174627_GSWaTOh412U1.jpg	zo
20201120104141	http://assets.supremenewyork.com/182803/zo/a5I_c4JFBvQ.jpg	2020_182803_a5I_c4JFBvQ.jpg	zo
20201120104150	http://assets.supremenewyork.com/182804/zo/NWp5B9nNe30.jpg	2020_182804_NWp5B9nNe30.jpg	zo
20200429003954	http://assets.supremenewyork.com/188913/zo/msKO184NeMI.jpg	2020_188913_msKO184NeMI.jpg	zo
20200429003855	http://assets.supremenewyork.com/188914/zo/m3ENt8Tz49s.jpg	2020_188914_m3ENt8Tz49s.jpg	zo
20200409060340	https://assets.supremenewyork.com/185640/zo/lgsqfl7pCwc.jpg	2020_185640_lgsqfl7pCwc.jpg	zo
20200101032513	https://assets.supremenewyork.com/174967/zo/ISIaVH_fpck1.jpg	2020_174967_ISIaVH_fpck1.jpg	zo
20200911074927	https://assets.supremenewyork.com/196063/zo/jsuPAWOL32k.jpg	2020_196063_jsuPAWOL32k.jpg	zo
20200825010155	http://d17ol771963kd3.cloudfront.net/88682/zo/IUqPmSigwhA.jpg	2020_88682_IUqPmSigwhA.jpg	zo
20200825005948	http://d17ol771963kd3.cloudfront.net/87213/zo/JKQfrMi3mVQ.jpg	2020_87213_JKQfrMi3mVQ.jpg	zo
20200104140703	https://assets.supremenewyork.com/174483/zo/H72-8jCSDV8.jpg	2020_174483_H72-8jCSDV8.jpg	zo
20201026174706	http://d17ol771963kd3.cloudfront.net/137879/zo/3-varsity_jacket_1329739016.jpg	2020_137879_3-varsity_jacket_1329739016.jpg	zo
20200820173520	http://d17ol771963kd3.cloudfront.net/167734/zo/36-j37_black_red03.jpg	2020_167734_36-j37_black_red03.jpg	zo
20201108101313	http://d17ol771963kd3.cloudfront.net/167786/zo/5-j19_group.jpg	2020_167786_5-j19_group.jpg	zo
20200904063333	https://assets.supremenewyork.com/196306/zo/mrcTdVWGzXQ.jpg	2020_196306_mrcTdVWGzXQ.jpg	zo
20201024161907	https://assets.supremenewyork.com/192715/zo/X3RfjFcR_sY3.jpg	2020_192715_X3RfjFcR_sY3.jpg	zo
20201108111957	http://d17ol771963kd3.cloudfront.net/167694/zo/11-kn13_group.jpg	2020_167694_11-kn13_group.jpg	zo
20200101131600	https://assets.supremenewyork.com/173522/zo/jCxlGn4Lork1.jpg	2020_173522_jCxlGn4Lork1.jpg	zo
20201103232830	http://d17ol771963kd3.cloudfront.net/136505/zo/jhco4vGH1Uc.jpg	2020_136505_jhco4vGH1Uc.jpg	zo
20200904074114	https://assets.supremenewyork.com/196433/zo/4lvMUwqZVvo.jpg	2020_196433_4lvMUwqZVvo.jpg	zo
20200409042947	https://assets.supremenewyork.com/185664/zo/5bAcmuYCmpY.jpg	2020_185664_5bAcmuYCmpY.jpg	zo
20200409044630	https://assets.supremenewyork.com/188269/zo/Xy9vdCvA0ik.jpg	2020_188269_Xy9vdCvA0ik.jpg	zo
20200129042302	https://assets.supremenewyork.com/179905/zo/IzxVAH9jF8I.jpg	2020_179905_IzxVAH9jF8I.jpg	zo
20200825024747	https://d17ol771963kd3.cloudfront.net/119441/zo/o_vEK-CzAHg2.jpg	2020_119441_o_vEK-CzAHg2.jpg	zo
20201111163405	https://assets.supremenewyork.com/153618/zo/-3zw1C2LXxM.jpg	2020_153618_-3zw1C2LXxM.jpg	zo
20200820173032	http://d17ol771963kd3.cloudfront.net/88800/zo/GkH4T3V7aQU.jpg	2020_88800_GkH4T3V7aQU.jpg	zo
20200904073934	https://assets.supremenewyork.com/195780/zo/motvJeWx7XM.jpg	2020_195780_motvJeWx7XM.jpg	zo
20201108090347	http://d17ol771963kd3.cloudfront.net/120095/zo/rAV4xJPjgag.jpg	2020_120095_rAV4xJPjgag.jpg	zo
20200904055142	https://assets.supremenewyork.com/195082/zo/zSJZ9BUbq08.jpg	2020_195082_zSJZ9BUbq08.jpg	zo
20200501141344	https://assets.supremenewyork.com/183655/zo/RMMQK27luMg.jpg	2020_183655_RMMQK27luMg.jpg	zo
20201026174838	http://d17ol771963kd3.cloudfront.net/137917/zo/1-hooded_coaches_jacket_1329739031.jpg	2020_137917_1-hooded_coaches_jacket_1329739031.jpg	zo
20200102001415	https://assets.supremenewyork.com/173711/zo/f-xe-JWT9eA.jpg	2020_173711_f-xe-JWT9eA.jpg	zo
20201026175500	http://d17ol771963kd3.cloudfront.net/138090/zo/7-supply_bag_1329739110.jpg	2020_138090_7-supply_bag_1329739110.jpg	zo
20201108131552	http://d17ol771963kd3.cloudfront.net/72081/zo/yX7MilJZhQ0.jpg	2020_72081_yX7MilJZhQ0.jpg	zo
20200825010523	http://d17ol771963kd3.cloudfront.net/89108/zo/2MJiXGQ7FQ8.jpg	2020_89108_2MJiXGQ7FQ8.jpg	zo
20200904115107	https://assets.supremenewyork.com/194224/zo/QxSMdzn6Ohc.jpg	2020_194224_QxSMdzn6Ohc.jpg	zo
20201108133937	http://d17ol771963kd3.cloudfront.net/105208/zo/pisK2_7nRlw1.jpg	2020_105208_pisK2_7nRlw1.jpg	zo
20200825010317	http://d17ol771963kd3.cloudfront.net/87230/zo/KDf62nDMbss.jpg	2020_87230_KDf62nDMbss.jpg	zo
20200102010253	https://assets.supremenewyork.com/174563/zo/kjQiWZOfR0I2.jpg	2020_174563_kjQiWZOfR0I2.jpg	zo
20200621120633	http://d17ol771963kd3.cloudfront.net/148398/zo/7-liberty--r--_pinwale_cord_trooper_hat_1345454928.jpg	2020_148398_7-liberty--r--_pinwale_cord_trooper_hat_1345454928.jpg	zo
20200103141345	https://assets.supremenewyork.com/174904/zo/bpaqyJS9SHg.jpg	2020_174904_bpaqyJS9SHg.jpg	zo
20200702103933	https://assets.supremenewyork.com/186874/zo/PyFnE01z2tU.jpg	2020_186874_PyFnE01z2tU.jpg	zo
20200904064812	https://assets.supremenewyork.com/193594/zo/HbNhdfq00Ls.jpg	2020_193594_HbNhdfq00Ls.jpg	zo
20200702112652	https://assets.supremenewyork.com/190031/zo/p_c-8kh3jio.jpg	2020_190031_p_c-8kh3jio.jpg	zo
20201108135543	http://d17ol771963kd3.cloudfront.net/103916/zo/8GuXIZv86hk.jpg	2020_103916_8GuXIZv86hk.jpg	zo
20201108090751	http://d17ol771963kd3.cloudfront.net/105002/zo/bZSiTCRD0Xg1.jpg	2020_105002_bZSiTCRD0Xg1.jpg	zo
20200102111201	https://assets.supremenewyork.com/175795/zo/MWGe6pHZuQ8.jpg	2020_175795_MWGe6pHZuQ8.jpg	zo
20201103232646	http://d17ol771963kd3.cloudfront.net/136766/zo/0PA-z04vLXM.jpg	2020_136766_0PA-z04vLXM.jpg	zo
20200110130444	https://assets.supremenewyork.com/174185/zo/DX_47U2DMw5.jpg	2020_174185_DX_47U2DMw5.jpg	zo
20201108143631	http://d17ol771963kd3.cloudfront.net/119384/zo/Xdzd0cYPmVs.jpg	2020_119384_Xdzd0cYPmVs.jpg	zo
20200107045442	https://assets.supremenewyork.com/174652/zo/UjGxwIGA9MM1.jpg	2020_174652_UjGxwIGA9MM1.jpg	zo
20200403053754	https://assets.supremenewyork.com/184036/zo/WYc3G59MVHg.jpg	2020_184036_WYc3G59MVHg.jpg	zo
20200105141753	https://assets.supremenewyork.com/173634/zo/L7h-EynJjik.jpg	2020_173634_L7h-EynJjik.jpg	zo
20200409043238	https://assets.supremenewyork.com/185592/zo/-PZxS9JfVO8.jpg	2020_185592_-PZxS9JfVO8.jpg	zo
20201024161854	https://assets.supremenewyork.com/192607/zo/nnUcJP9TZh4.jpg	2020_192607_nnUcJP9TZh4.jpg	zo
20200501140536	https://assets.supremenewyork.com/182829/zo/z_mzHvSUlDU1.jpg	2020_182829_z_mzHvSUlDU1.jpg	zo
20200827185159	https://d17ol771963kd3.cloudfront.net/138107/zo/3-shadow_plaid_shirt_1329739118.jpg	2020_138107_3-shadow_plaid_shirt_1329739118.jpg	zo
20200820190712	http://d17ol771963kd3.cloudfront.net/148078/zo/9-last_supper_pullover_1345454861.jpg	2020_148078_9-last_supper_pullover_1345454861.jpg	zo
20201112032110	http://d17ol771963kd3.cloudfront.net/83916/zo/x1eeSTTI4Y0.jpg	2020_83916_x1eeSTTI4Y0.jpg	zo
20200827185732	https://d17ol771963kd3.cloudfront.net/138059/zo/7-camels_tee_1329739095.jpg	2020_138059_7-camels_tee_1329739095.jpg	zo
20200621120620	http://d17ol771963kd3.cloudfront.net/148403/zo/1-supreme--s--champion--r--_parka_1345454929.jpg	2020_148403_1-supreme--s--champion--r--_parka_1345454929.jpg	zo
20200101023459	https://assets.supremenewyork.com/173994/zo/vViLbSguS_o.jpg	2020_173994_vViLbSguS_o.jpg	zo
20200702120025	https://assets.supremenewyork.com/186184/zo/bPwAZtVDqiQ.jpg	2020_186184_bPwAZtVDqiQ.jpg	zo
20201112023745	http://d17ol771963kd3.cloudfront.net/107063/zo/1a8Vm6Sn0Ws.jpg	2020_107063_1a8Vm6Sn0Ws.jpg	zo
20200104155812	https://assets.supremenewyork.com/174278/zo/fQ4bPyE3dmE1.jpg	2020_174278_fQ4bPyE3dmE1.jpg	zo
20201112033139	http://d17ol771963kd3.cloudfront.net/119532/zo/4cLdsMHxKrg.jpg	2020_119532_4cLdsMHxKrg.jpg	zo
20200501134510	https://assets.supremenewyork.com/182668/zo/Awpr_O3_gUY.jpg	2020_182668_Awpr_O3_gUY.jpg	zo
20200621120625	http://d17ol771963kd3.cloudfront.net/148314/zo/4-workers_jacket_1345454911.jpg	2020_148314_4-workers_jacket_1345454911.jpg	zo
20201103231915	http://d17ol771963kd3.cloudfront.net/136767/zo/txPR1QAl9U4.jpg	2020_136767_txPR1QAl9U4.jpg	zo
20200911085040	https://assets.supremenewyork.com/194970/zo/rj3nyF8nHCI.jpg	2020_194970_rj3nyF8nHCI.jpg	zo
20200106120348	https://assets.supremenewyork.com/142666/zo/pcYqz5v4hhE1.jpg	2020_142666_pcYqz5v4hhE1.jpg	zo
20200821122742	https://assets.supremenewyork.com/193175/zo/0mUNiXjF8qI.jpg	2020_193175_0mUNiXjF8qI.jpg	zo
20201113125535	http://d17ol771963kd3.cloudfront.net/148107/zo/1-m_51_jacket_1345454867.jpg	2020_148107_1-m_51_jacket_1345454867.jpg	zo
20201114154741	https://assets.supremenewyork.com/155768/zo/M8tRyooka1w.jpg	2020_155768_M8tRyooka1w.jpg	zo
20200101023108	https://assets.supremenewyork.com/173566/zo/69hbq8ZxW5A.jpg	2020_173566_69hbq8ZxW5A.jpg	zo
20201024161455	https://assets.supremenewyork.com/192082/zo/8La1WH02MTI3.jpg	2020_192082_8La1WH02MTI3.jpg	zo
20200104173503	https://assets.supremenewyork.com/174858/zo/zZRVjwl0gsY1.jpg	2020_174858_zZRVjwl0gsY1.jpg	zo
20200827185735	https://d17ol771963kd3.cloudfront.net/138073/zo/14-pocket_tee_1329739103.jpg	2020_138073_14-pocket_tee_1329739103.jpg	zo
20200203212725	https://assets.supremenewyork.com/180548/zo/nTdPYiJlal8.jpg	2020_180548_nTdPYiJlal8.jpg	zo
20201109030302	http://d17ol771963kd3.cloudfront.net/141913/zo/91qq1iXNcdI.jpg	2020_141913_91qq1iXNcdI.jpg	zo
20200611201615	https://assets.supremenewyork.com/188736/zo/MJENNaYuSL0.jpg	2020_188736_MJENNaYuSL0.jpg	zo
20201108151603	http://d17ol771963kd3.cloudfront.net/105012/zo/Tt3cVLfe2K4.jpg	2020_105012_Tt3cVLfe2K4.jpg	zo
20200621120613	http://d17ol771963kd3.cloudfront.net/148546/zo/3-army_trench_coat_1345454957.jpg	2020_148546_3-army_trench_coat_1345454957.jpg	zo
20200621120628	http://d17ol771963kd3.cloudfront.net/148335/zo/5-mechanics_puffy_jacket_1345454915.jpg	2020_148335_5-mechanics_puffy_jacket_1345454915.jpg	zo
20201108090303	http://d17ol771963kd3.cloudfront.net/121909/zo/RIntei0x5zs.jpg	2020_121909_RIntei0x5zs.jpg	zo
20201108090617	http://d17ol771963kd3.cloudfront.net/121984/zo/WpYurRrI2Ig.jpg	2020_121984_WpYurRrI2Ig.jpg	zo
20201103234214	http://d17ol771963kd3.cloudfront.net/128264/zo/-ma-FS8OU5w.jpg	2020_128264_-ma-FS8OU5w.jpg	zo
20201112040338	https://assets.supremenewyork.com/165857/zo/zypA56q-8fg.jpg	2020_165857_zypA56q-8fg.jpg	zo
20200105025800	https://assets.supremenewyork.com/174099/zo/ZJS9199Ry-8.jpg	2020_174099_ZJS9199Ry-8.jpg	zo
20201112013527	https://assets.supremenewyork.com/156014/zo/LdFvO7fXSKA.jpg	2020_156014_LdFvO7fXSKA.jpg	zo
20201112035556	https://assets.supremenewyork.com/153608/zo/osQIfo_XmZo.jpg	2020_153608_osQIfo_XmZo.jpg	zo
20200904062435	https://assets.supremenewyork.com/196259/zo/dHNwOXkLmHI.jpg	2020_196259_dHNwOXkLmHI.jpg	zo
20201112013946	https://assets.supremenewyork.com/160883/zo/PfKFN_nwwAQ.jpg	2020_160883_PfKFN_nwwAQ.jpg	zo
20201108090900	http://d17ol771963kd3.cloudfront.net/107415/zo/A5RMg1PbcXo.jpg	2020_107415_A5RMg1PbcXo.jpg	zo
20210415003306	http://assets.supremenewyork.com/145751/zo/9XnoYxpjJR4.jpg	2021_145751_9XnoYxpjJR4.jpg	zo
20210415003333	http://assets.supremenewyork.com/145820/zo/qIDhibyXuf9.jpg	2021_145820_qIDhibyXuf9.jpg	zo
20210415003402	http://assets.supremenewyork.com/145821/zo/apa-hip80KQ.jpg	2021_145821_apa-hip80KQ.jpg	zo
20210415003517	http://assets.supremenewyork.com/145921/zo/wLfyE0qkWh0.jpg	2021_145921_wLfyE0qkWh0.jpg	zo
20210304023337	http://assets.supremenewyork.com/153189/zo/BTGYENXQj3Q2.jpg	2021_153189_BTGYENXQj3Q2.jpg	zo
20210304023420	http://assets.supremenewyork.com/153224/zo/1GfQOmZazE0.jpg	2021_153224_1GfQOmZazE0.jpg	zo
20210304023407	http://assets.supremenewyork.com/153249/zo/Iu-hlGWgDpY1.jpg	2021_153249_Iu-hlGWgDpY1.jpg	zo
20210304023314	http://assets.supremenewyork.com/153278/zo/2Q0lO5cjgPI1.jpg	2021_153278_2Q0lO5cjgPI1.jpg	zo
20210415001716	http://assets.supremenewyork.com/153841/zo/eGRQpAR2Z60.jpg	2021_153841_eGRQpAR2Z60.jpg	zo
20210216042546	http://assets.supremenewyork.com/153881/zo/y8grk5hTjf4.jpg	2021_153881_y8grk5hTjf4.jpg	zo
20210415002035	http://assets.supremenewyork.com/154149/zo/ibi-9AdJjqc1.jpg	2021_154149_ibi-9AdJjqc1.jpg	zo
20210415002047	http://assets.supremenewyork.com/154153/zo/bveSmt7RtUI1.jpg	2021_154153_bveSmt7RtUI1.jpg	zo
20210304023642	http://assets.supremenewyork.com/155919/zo/iOTwwlRgm68.jpg	2021_155919_iOTwwlRgm68.jpg	zo
20210415001741	http://assets.supremenewyork.com/156024/zo/HMMwIoUT7Zw.jpg	2021_156024_HMMwIoUT7Zw.jpg	zo
20210304023656	http://assets.supremenewyork.com/156026/zo/vu2UtQjHIC8.jpg	2021_156026_vu2UtQjHIC8.jpg	zo
20210415001952	http://assets.supremenewyork.com/156027/zo/o-hRez1O_og.jpg	2021_156027_o-hRez1O_og.jpg	zo
20210415001848	http://assets.supremenewyork.com/156066/zo/nbvBw1Ty6oE.jpg	2021_156066_nbvBw1Ty6oE.jpg	zo
20210216042604	http://assets.supremenewyork.com/165534/zo/i0RtoPM0HSY.jpg	2021_165534_i0RtoPM0HSY.jpg	zo
20210414153948	http://assets.supremenewyork.com/165688/zo/1HdAzA8NLf8.jpg	2021_165688_1HdAzA8NLf8.jpg	zo
20210324202634	http://assets.supremenewyork.com/173184/zo/FU-HFsORrR0.jpg	2021_173184_FU-HFsORrR0.jpg	zo
20210324202646	http://assets.supremenewyork.com/173185/zo/hro0x9ran80.jpg	2021_173185_hro0x9ran80.jpg	zo
20210531163746	http://assets.supremenewyork.com/174621/zo/kTuDAp9AIlg2.jpg	2021_174621_kTuDAp9AIlg2.jpg	zo
20210531163732	http://assets.supremenewyork.com/174623/zo/t2--smAre6o1.jpg	2021_174623_t2--smAre6o1.jpg	zo
20210531163732	http://assets.supremenewyork.com/174624/zo/_Gg2HR0mrfI2.jpg	2021_174624__Gg2HR0mrfI2.jpg	zo
20210531163747	http://assets.supremenewyork.com/174786/zo/tnhb_dVbob4.jpg	2021_174786_tnhb_dVbob4.jpg	zo
20211109062114	http://assets.supremenewyork.com/183202/zo/-HxFMGpHb3Y1.jpg	2021_183202_-HxFMGpHb3Y1.jpg	zo
20211109062047	http://assets.supremenewyork.com/183634/zo/7j0lCEsb6Nk.jpg	2021_183634_7j0lCEsb6Nk.jpg	zo
20211109062100	http://assets.supremenewyork.com/183639/zo/EJ3uRmZLWcE.jpg	2021_183639_EJ3uRmZLWcE.jpg	zo
20211109062132	http://assets.supremenewyork.com/184112/zo/qO4TbKEVRGE.jpg	2021_184112_qO4TbKEVRGE.jpg	zo
20210220023956	http://assets.supremenewyork.com/191039/zo/zKnxdFZ5Dq4.jpg	2021_191039_zKnxdFZ5Dq4.jpg	zo
20210220023836	http://assets.supremenewyork.com/191383/zo/YUt5_KJU14s2.jpg	2021_191383_YUt5_KJU14s2.jpg	zo
20210220024212	http://assets.supremenewyork.com/191470/zo/Vxl-0PwcXIM2.jpg	2021_191470_Vxl-0PwcXIM2.jpg	zo
20210215220220	http://assets.supremenewyork.com/191925/zo/9LwEwLflzlM1.jpg	2021_191925_9LwEwLflzlM1.jpg	zo
20210220024142	http://assets.supremenewyork.com/191969/zo/nL1Qp08jK-o1.jpg	2021_191969_nL1Qp08jK-o1.jpg	zo
20210220024151	http://assets.supremenewyork.com/191970/zo/sdwZ9Uy0NuE2.jpg	2021_191970_sdwZ9Uy0NuE2.jpg	zo
20210220024011	http://assets.supremenewyork.com/192705/zo/GqtWiIMwo4E1.jpg	2021_192705_GqtWiIMwo4E1.jpg	zo
20210220023851	http://assets.supremenewyork.com/193207/zo/9Zt-XDzgQt9.jpg	2021_193207_9Zt-XDzgQt9.jpg	zo
20210804110509	http://assets.supremenewyork.com/196723/zo/7-nqxel4c40.jpg	2021_196723_7-nqxel4c40.jpg	zo
20210804110509	http://assets.supremenewyork.com/196756/zo/opkZ4YJAugE.jpg	2021_196756_opkZ4YJAugE.jpg	zo
20210804110509	http://assets.supremenewyork.com/196757/zo/Zjq-uXH3h70.jpg	2021_196757_Zjq-uXH3h70.jpg	zo
20210804110509	http://assets.supremenewyork.com/196758/zo/h37Vftk3yow.jpg	2021_196758_h37Vftk3yow.jpg	zo
20210304015639	http://d17ol771963kd3.cloudfront.net/107497/zo/U16S9t7c3PU1.jpg	2021_107497_U16S9t7c3PU1.jpg	zo
20210215231353	http://d17ol771963kd3.cloudfront.net/105101/zo/D62bF5AMcSY2.jpg	2021_105101_D62bF5AMcSY2.jpg	zo
20211031023026	http://d17ol771963kd3.cloudfront.net/90001/zo/92h2M2yfXmM.jpg	2021_90001_92h2M2yfXmM.jpg	zo
20211029074303	https://assets.supremenewyork.com/216185/zo/VofH6lUmBP0.jpg	2021_216185_VofH6lUmBP0.jpg	zo
20210226085038	https://assets.supremenewyork.com/191607/zo/eszYbfzckxs4.jpg	2021_191607_eszYbfzckxs4.jpg	zo
20210228221650	http://d17ol771963kd3.cloudfront.net/120076/zo/adc3urCPfeo.jpg	2021_120076_adc3urCPfeo.jpg	zo
20210221154714	http://d17ol771963kd3.cloudfront.net/88674/zo/35wycJF9cfg.jpg	2021_88674_35wycJF9cfg.jpg	zo
20211031023000	http://d17ol771963kd3.cloudfront.net/89999/zo/fsrq8p-kYBM.jpg	2021_89999_fsrq8p-kYBM.jpg	zo
20210228002842	http://d17ol771963kd3.cloudfront.net/92971/zo/fjcEBK3VACE.jpg	2021_92971_fjcEBK3VACE.jpg	zo
20211125234823	https://assets.supremenewyork.com/73482/zo/gXeI5PC5SGY.jpg	2021_73482_gXeI5PC5SGY.jpg	zo
20210710054949	http://d17ol771963kd3.cloudfront.net/133390/zo/mY-J0BqnakA.jpg	2021_133390_mY-J0BqnakA.jpg	zo
20210802132405	http://d17ol771963kd3.cloudfront.net/113327/zo/c2zX5nWJQsU.jpg	2021_113327_c2zX5nWJQsU.jpg	zo
20211214072423	http://d17ol771963kd3.cloudfront.net/107201/zo/j9X2lH4beTQ.jpg	2021_107201_j9X2lH4beTQ.jpg	zo
20210112181519	http://d17ol771963kd3.cloudfront.net/148169/zo/7-buffalo_twill_shirt_1345454880.jpg	2021_148169_7-buffalo_twill_shirt_1345454880.jpg	zo
20210817064253	https://assets.supremenewyork.com/214232/zo/OQ37ggNimu5.jpg	2021_214232_OQ37ggNimu5.jpg	zo
20210414162450	http://d17ol771963kd3.cloudfront.net/122442/zo/XCogllQ387w.jpg	2021_122442_XCogllQ387w.jpg	zo
20210228221724	http://d17ol771963kd3.cloudfront.net/119708/zo/ibAGG0QQV8s.jpg	2021_119708_ibAGG0QQV8s.jpg	zo
20210504102334	http://d17ol771963kd3.cloudfront.net/148639/zo/12-rigid_slim_jean_1345454977.jpg	2021_148639_12-rigid_slim_jean_1345454977.jpg	zo
20210610183638	http://assets.supremenewyork.com/212648/zo/XWqmhxq5-Vw.jpg	2021_212648_XWqmhxq5-Vw.jpg	zo
20210112181522	http://d17ol771963kd3.cloudfront.net/148183/zo/14-pile_lined_shirt_1345454883.jpg	2021_148183_14-pile_lined_shirt_1345454883.jpg	zo
20210504100149	http://d17ol771963kd3.cloudfront.net/148454/zo/1-hooded_denim_shirt_1345454939.jpg	2021_148454_1-hooded_denim_shirt_1345454939.jpg	zo
20211027165720	https://assets.supremenewyork.com/222175/zo/zUyqVD94_Ig.jpg	2021_222175_zUyqVD94_Ig.jpg	zo
20210916152525	http://d17ol771963kd3.cloudfront.net/145631/zo/1L9BgB90Od9.jpg	2021_145631_1L9BgB90Od9.jpg	zo
20210504101342	http://d17ol771963kd3.cloudfront.net/148619/zo/2-corduroy_work_pant_1345454973.jpg	2021_148619_2-corduroy_work_pant_1345454973.jpg	zo
20210519130241	http://d17ol771963kd3.cloudfront.net/122184/zo/T269Aodo5es.jpg	2021_122184_T269Aodo5es.jpg	zo
20211008132040	https://assets.supremenewyork.com/215329/zo/g6nHFRFK3jk2.jpg	2021_215329_g6nHFRFK3jk2.jpg	zo
20210222162206	https://assets.supremenewyork.com/204359/zo/Ts6fnu6IZAk.jpg	2021_204359_Ts6fnu6IZAk.jpg	zo
20211005073132	https://assets.supremenewyork.com/214272/zo/uuxxO7Gefho.jpg	2021_214272_uuxxO7Gefho.jpg	zo
20210112181516	http://d17ol771963kd3.cloudfront.net/148177/zo/11-houndstooth_flannel_shirt_1345454881.jpg	2021_148177_11-houndstooth_flannel_shirt_1345454881.jpg	zo
20210501193715	http://d17ol771963kd3.cloudfront.net/138165/zo/13-black_rinse_washed_slim_jean_1329739142.jpg	2021_138165_13-black_rinse_washed_slim_jean_1329739142.jpg	zo
20211029074300	https://assets.supremenewyork.com/216435/zo/zXZWcsKViQc.jpg	2021_216435_zXZWcsKViQc.jpg	zo
20210204201958	http://d17ol771963kd3.cloudfront.net/148211/zo/7-atelier_5_panel_1345454889.jpg	2021_148211_7-atelier_5_panel_1345454889.jpg	zo
20210504101318	http://d17ol771963kd3.cloudfront.net/148617/zo/1-corduroy_work_pant_1345454973.jpg	2021_148617_1-corduroy_work_pant_1345454973.jpg	zo
20210304015428	http://d17ol771963kd3.cloudfront.net/105798/zo/jBVWNAbJlf7.jpg	2021_105798_jBVWNAbJlf7.jpg	zo
20210222162158	https://assets.supremenewyork.com/204367/zo/-LWCiT-Spkk.jpg	2021_204367_-LWCiT-Spkk.jpg	zo
20210221153417	http://d17ol771963kd3.cloudfront.net/167835/zo/11-kn10_group.jpg	2021_167835_11-kn10_group.jpg	zo
20210304014907	http://d17ol771963kd3.cloudfront.net/92739/zo/ENI8Xt5sXzg2.jpg	2021_92739_ENI8Xt5sXzg2.jpg	zo
20210130050812	http://d17ol771963kd3.cloudfront.net/136738/zo/XcZIjm_2Cjk.jpg	2021_136738_XcZIjm_2Cjk.jpg	zo
20211127193507	http://d17ol771963kd3.cloudfront.net/133406/zo/n_fKVNwNBHE.jpg	2021_133406_n_fKVNwNBHE.jpg	zo
20210114111302	http://d17ol771963kd3.cloudfront.net/119547/zo/uFJNPgIQJ4g1.jpg	2021_119547_uFJNPgIQJ4g1.jpg	zo
20210501193718	http://d17ol771963kd3.cloudfront.net/138153/zo/7-field_pant_1329739138.jpg	2021_138153_7-field_pant_1329739138.jpg	zo
20210610190443	http://d17ol771963kd3.cloudfront.net/89047/zo/adJPIdE7z0A.jpg	2021_89047_adJPIdE7z0A.jpg	zo
20211108200504	https://assets.supremenewyork.com/6249/zo/red_group_above_thumb.jpg	2021_6249_red_group_above_thumb.jpg	zo
20210126082422	https://assets.supremenewyork.com/163442/zo/xA8xSwM1mlI.jpg	2021_163442_xA8xSwM1mlI.jpg	zo
20210804130824	https://assets.supremenewyork.com/200529/zo/rm5Hi4hUZkM.jpg	2021_200529_rm5Hi4hUZkM.jpg	zo
20211026014335	https://assets.supremenewyork.com/71673/zo/Pw2D2_RXrTA.jpg	2021_71673_Pw2D2_RXrTA.jpg	zo
20210601113831	http://d17ol771963kd3.cloudfront.net/92640/zo/AjXtoIJ06U1.jpg	2021_92640_AjXtoIJ06U1.jpg	zo
20211107221918	https://assets.supremenewyork.com/2306/zo/46_1_thumb.jpg	2021_2306_46_1_thumb.jpg	zo
20211114114749	http://d17ol771963kd3.cloudfront.net/129533/zo/A6_ClearRed03_1314008737.jpg	2021_129533_A6_ClearRed03_1314008737.jpg	zo
20211030175457	https://assets.supremenewyork.com/151474/zo/28kipMZoN3E.jpg	2021_151474_28kipMZoN3E.jpg	zo
20210610183640	http://assets.supremenewyork.com/212647/zo/yiS-GcTfswI.jpg	2021_212647_yiS-GcTfswI.jpg	zo
20210112181518	http://d17ol771963kd3.cloudfront.net/148165/zo/5-buffalo_check_shirt_1345454879.jpg	2021_148165_5-buffalo_check_shirt_1345454879.jpg	zo
20210301135716	http://d17ol771963kd3.cloudfront.net/167635/zo/5-j39_black02.jpg	2021_167635_5-j39_black02.jpg	zo
20211031022413	http://d17ol771963kd3.cloudfront.net/89337/zo/g7h_xH3K_Lg.jpg	2021_89337_g7h_xH3K_Lg.jpg	zo
20211029125503	https://assets.supremenewyork.com/216229/zo/yeBg9GV0xHo.jpg	2021_216229_yeBg9GV0xHo.jpg	zo
20211127193650	http://d17ol771963kd3.cloudfront.net/133350/zo/1McrdHNHObc.jpg	2021_133350_1McrdHNHObc.jpg	zo
20210504102322	http://d17ol771963kd3.cloudfront.net/148633/zo/9-chino_pant_1345454976.jpg	2021_148633_9-chino_pant_1345454976.jpg	zo
20210216045718	http://d17ol771963kd3.cloudfront.net/122307/zo/KS8oHBhB07w.jpg	2021_122307_KS8oHBhB07w.jpg	zo
20210304015124	http://d17ol771963kd3.cloudfront.net/107281/zo/AylxQgrT1kw.jpg	2021_107281_AylxQgrT1kw.jpg	zo
20211025203332	https://assets.supremenewyork.com/127802/zo/thumb2_1301879989.jpg	2021_127802_thumb2_1301879989.jpg	zo
20210304023139	http://d17ol771963kd3.cloudfront.net/122284/zo/y5pMYZ9xQek.jpg	2021_122284_y5pMYZ9xQek.jpg	zo
20210721092354	http://d17ol771963kd3.cloudfront.net/107773/zo/-iqwDkW9qL8.jpg	2021_107773_-iqwDkW9qL8.jpg	zo
20210227110245	http://d17ol771963kd3.cloudfront.net/167852/zo/8-b5_group.jpg	2021_167852_8-b5_group.jpg	zo
20211029110908	https://assets.supremenewyork.com/216230/zo/iV-84GB_q2Y.jpg	2021_216230_iV-84GB_q2Y.jpg	zo
20210601113831	http://d17ol771963kd3.cloudfront.net/92636/zo/olw9OCaUlrM1.jpg	2021_92636_olw9OCaUlrM1.jpg	zo
20211118034808	https://assets.supremenewyork.com/127437/zo/MeshOldSkool_group05_thumb_1300056705.jpg	2021_127437_MeshOldSkool_group05_thumb_1300056705.jpg	zo
20210218111115	https://assets.supremenewyork.com/203518/zo/8WjVPmevZ6k.jpg	2021_203518_8WjVPmevZ6k.jpg	zo
20211031022340	http://d17ol771963kd3.cloudfront.net/88067/zo/0BTC3moDnzk.jpg	2021_88067_0BTC3moDnzk.jpg	zo
20211027214142	https://assets.supremenewyork.com/216210/zo/8wsxPYXqsXI.jpg	2021_216210_8wsxPYXqsXI.jpg	zo
20211213050633	http://d17ol771963kd3.cloudfront.net/167962/zo/6-j38_group.jpg	2021_167962_6-j38_group.jpg	zo
20211017161532	https://assets.supremenewyork.com/214987/zo/mvrgWWZhijM2.jpg	2021_214987_mvrgWWZhijM2.jpg	zo
20210816152332	https://assets.supremenewyork.com/215217/zo/oGydXET9ib5.jpg	2021_215217_oGydXET9ib5.jpg	zo
20210504102304	http://d17ol771963kd3.cloudfront.net/148623/zo/4-work_pant_1345454974.jpg	2021_148623_4-work_pant_1345454974.jpg	zo
20210221153416	http://d17ol771963kd3.cloudfront.net/167833/zo/9-kn4_group.jpg	2021_167833_9-kn4_group.jpg	zo
20211123181825	https://assets.supremenewyork.com/223195/zo/ME5Dk8qaFBs.jpg	2021_223195_ME5Dk8qaFBs.jpg	zo
20211118051142	https://assets.supremenewyork.com/113962/zo/vans02_above_t_1274655179.jpg	2021_113962_vans02_above_t_1274655179.jpg	zo
20211110085934	https://assets.supremenewyork.com/165214/zo/MX2xT_q--ls.jpg	2021_165214_MX2xT_q--ls.jpg	zo
20210820041217	http://d17ol771963kd3.cloudfront.net/148650/zo/2-backpack_1345454979.jpg	2021_148650_2-backpack_1345454979.jpg	zo
20211101155256	https://assets.supremenewyork.com/216311/zo/2Cl-vkraR-5.jpg	2021_216311_2Cl-vkraR-5.jpg	zo
20210228002835	http://d17ol771963kd3.cloudfront.net/92346/zo/0RpTbYbHWyA2.jpg	2021_92346_0RpTbYbHWyA2.jpg	zo
20210218111129	https://assets.supremenewyork.com/202964/zo/mhSjEotXfoU.jpg	2021_202964_mhSjEotXfoU.jpg	zo
20210304014502	http://d17ol771963kd3.cloudfront.net/92298/zo/pZUpw35FDSg.jpg	2021_92298_pZUpw35FDSg.jpg	zo
20210610183607	http://assets.supremenewyork.com/212651/zo/3SmVHXVRSI4.jpg	2021_212651_3SmVHXVRSI4.jpg	zo
20211119002520	https://assets.supremenewyork.com/140263/zo/first_thumb_1330919089.jpg	2021_140263_first_thumb_1330919089.jpg	zo
20210222162151	https://assets.supremenewyork.com/204333/zo/c03FkMNp9lM.jpg	2021_204333_c03FkMNp9lM.jpg	zo
20211010083449	http://d17ol771963kd3.cloudfront.net/104983/zo/sfItDXQw2Nw.jpg	2021_104983_sfItDXQw2Nw.jpg	zo
20210216044137	http://d17ol771963kd3.cloudfront.net/167618/zo/1-s7_group.jpg	2021_167618_1-s7_group.jpg	zo
20210304015723	http://d17ol771963kd3.cloudfront.net/107333/zo/UaPcP5KGsWE1.jpg	2021_107333_UaPcP5KGsWE1.jpg	zo
20210222162158	https://assets.supremenewyork.com/204070/zo/I41eAxNcLIc.jpg	2021_204070_I41eAxNcLIc.jpg	zo
20210906164701	https://assets.supremenewyork.com/214206/zo/92osl5zWLP4.jpg	2021_214206_92osl5zWLP4.jpg	zo
20210916151236	http://d17ol771963kd3.cloudfront.net/121983/zo/CToF0ySO8aE.jpg	2021_121983_CToF0ySO8aE.jpg	zo
20211026194220	https://assets.supremenewyork.com/125456/zo/rdARl15EYRw.jpg	2021_125456_rdARl15EYRw.jpg	zo
20210221153429	http://d17ol771963kd3.cloudfront.net/167841/zo/17-kn19_group.jpg	2021_167841_17-kn19_group.jpg	zo
20211118053814	https://assets.supremenewyork.com/128785/zo/A30_pair_white_thumb_1306113937.jpg	2021_128785_A30_pair_white_thumb_1306113937.jpg	zo
20210414161415	http://d17ol771963kd3.cloudfront.net/127426/zo/WqeBJJWVZBA.jpg	2021_127426_WqeBJJWVZBA.jpg	zo
20211029110903	https://assets.supremenewyork.com/216414/zo/zOwQoO8C4gk.jpg	2021_216414_zOwQoO8C4gk.jpg	zo
20210806213328	http://d17ol771963kd3.cloudfront.net/142873/zo/aZvDAglpPuE1.jpg	2021_142873_aZvDAglpPuE1.jpg	zo
20210216041953	http://d17ol771963kd3.cloudfront.net/136553/zo/V4YkHvWr1NQ.jpg	2021_136553_V4YkHvWr1NQ.jpg	zo
20210221154639	http://d17ol771963kd3.cloudfront.net/88678/zo/LVjE3cENvn4.jpg	2021_88678_LVjE3cENvn4.jpg	zo
20211118230052	https://assets.supremenewyork.com/71982/zo/hoG0e-s4j9Q.jpg	2021_71982_hoG0e-s4j9Q.jpg	zo
20210204202003	http://d17ol771963kd3.cloudfront.net/148219/zo/11-croc_patch_5_panel_1345454890.jpg	2021_148219_11-croc_patch_5_panel_1345454890.jpg	zo
20211118035702	https://assets.supremenewyork.com/113623/zo/VansOldSkool_group-thumb_1270411645.jpg	2021_113623_VansOldSkool_group-thumb_1270411645.jpg	zo
20211214072221	http://d17ol771963kd3.cloudfront.net/107206/zo/8jFbTpiuj7E1.jpg	2021_107206_8jFbTpiuj7E1.jpg	zo
20211127193529	http://d17ol771963kd3.cloudfront.net/133354/zo/OH1GdCl3ZXo.jpg	2021_133354_OH1GdCl3ZXo.jpg	zo
20211108113623	https://assets.supremenewyork.com/222782/zo/bvcIxJx_YbE.jpg	2021_222782_bvcIxJx_YbE.jpg	zo
20210112181519	http://d17ol771963kd3.cloudfront.net/148161/zo/3-tartan_plaid_shirt_1345454878.jpg	2021_148161_3-tartan_plaid_shirt_1345454878.jpg	zo
20210221153421	http://d17ol771963kd3.cloudfront.net/167837/zo/13-kn3_group.jpg	2021_167837_13-kn3_group.jpg	zo
20210829021212	http://d17ol771963kd3.cloudfront.net/144430/zo/17ik6LRkHKY.jpg	2021_144430_17ik6LRkHKY.jpg	zo
20211025233318	https://assets.supremenewyork.com/164837/zo/letty_supreme_1_1364727040.jpg	2021_164837_letty_supreme_1_1364727040.jpg	zo
20210304015354	http://d17ol771963kd3.cloudfront.net/107271/zo/-FRCU8ARnhU.jpg	2021_107271_-FRCU8ARnhU.jpg	zo
20211108200523	https://assets.supremenewyork.com/6245/zo/thumb.jpg	2021_6245_thumb.jpg	zo
20211026191512	https://assets.supremenewyork.com/104105/zo/c8w-ph4fmvw.jpg	2021_104105_c8w-ph4fmvw.jpg	zo
20210504100238	http://d17ol771963kd3.cloudfront.net/148470/zo/9-gingham_oxford_1345454943.jpg	2021_148470_9-gingham_oxford_1345454943.jpg	zo
20210504102749	http://d17ol771963kd3.cloudfront.net/148269/zo/6-croc_camp_cap_1345454901.jpg	2021_148269_6-croc_camp_cap_1345454901.jpg	zo
20211025205409	https://assets.supremenewyork.com/136503/zo/frank-supreme-northface-FLAT_thumb_1321815415.jpg	2021_136503_frank-supreme-northface-FLAT_thumb_1321815415.jpg	zo
20210303125052	https://assets.supremenewyork.com/202224/zo/9rpZoE8MvkQ1.jpg	2021_202224_9rpZoE8MvkQ1.jpg	zo
20211108125537	https://assets.supremenewyork.com/222124/zo/iZOFZscGAlg.jpg	2021_222124_iZOFZscGAlg.jpg	zo
20211221140855	https://assets.supremenewyork.com/221458/zo/VqhSDe3C-Rs.jpg	2021_221458_VqhSDe3C-Rs.jpg	zo
20210221153214	http://d17ol771963kd3.cloudfront.net/167674/zo/6-j8_navy01.jpg	2021_167674_6-j8_navy01.jpg	zo
20211025202220	https://assets.supremenewyork.com/117044/zo/1mike_tan_t_1290996045.jpg	2021_117044_1mike_tan_t_1290996045.jpg	zo
20211027195856	https://assets.supremenewyork.com/216402/zo/4XtYzl4JlJc.jpg	2021_216402_4XtYzl4JlJc.jpg	zo
20211121055442	http://d17ol771963kd3.cloudfront.net/134838/zo/9P-ThgU98Jk1.jpg	2021_134838_9P-ThgU98Jk1.jpg	zo
20211026192321	https://assets.supremenewyork.com/111293/zo/gjUODrfxMSQ.jpg	2021_111293_gjUODrfxMSQ.jpg	zo
20210228002835	http://d17ol771963kd3.cloudfront.net/92967/zo/Nw46GM_mU5o.jpg	2021_92967_Nw46GM_mU5o.jpg	zo
20211117200251	https://assets.supremenewyork.com/213367/zo/qg3IAIur--w.jpg	2021_213367_qg3IAIur--w.jpg	zo
20210304015444	http://d17ol771963kd3.cloudfront.net/107699/zo/QwDHUDkcVpk.jpg	2021_107699_QwDHUDkcVpk.jpg	zo
20210304023419	http://d17ol771963kd3.cloudfront.net/122187/zo/uYWo1TKclpU.jpg	2021_122187_uYWo1TKclpU.jpg	zo
20210802140807	http://d17ol771963kd3.cloudfront.net/114586/zo/F4bvALKBXZA.jpg	2021_114586_F4bvALKBXZA.jpg	zo
20210216045234	http://d17ol771963kd3.cloudfront.net/93145/zo/ex-3jRaYRZI.jpg	2021_93145_ex-3jRaYRZI.jpg	zo
20211029132418	https://assets.supremenewyork.com/216297/zo/mOK1ZPpXPhc.jpg	2021_216297_mOK1ZPpXPhc.jpg	zo
20220813101521	http://assets.supremenewyork.com/125981/zo/yvQMmn6Oecw.jpg	2022_125981_yvQMmn6Oecw.jpg	zo
20220824232033	http://assets.supremenewyork.com/142789/zo/nuDITRHNUy8.jpg	2022_142789_nuDITRHNUy8.jpg	zo
20220810013750	http://assets.supremenewyork.com/145534/zo/Wezr9HmGanU.jpg	2022_145534_Wezr9HmGanU.jpg	zo
20220331081054	http://assets.supremenewyork.com/150096/zo/nUd1hGCNu6E.jpg	2022_150096_nUd1hGCNu6E.jpg	zo
20220124180735	http://assets.supremenewyork.com/163474/zo/AOey-J2I_85.jpg	2022_163474_AOey-J2I_85.jpg	zo
20220124180724	http://assets.supremenewyork.com/163482/zo/-kRkPGlHTOI.jpg	2022_163482_-kRkPGlHTOI.jpg	zo
20220812190946	http://assets.supremenewyork.com/173482/zo/0NceX2ZStSA.jpg	2022_173482_0NceX2ZStSA.jpg	zo
20220812191034	http://assets.supremenewyork.com/173508/zo/r859lB2wgeY.jpg	2022_173508_r859lB2wgeY.jpg	zo
20220812190247	http://assets.supremenewyork.com/173517/zo/XgjdtDhAuNo.jpg	2022_173517_XgjdtDhAuNo.jpg	zo
20220812191045	http://assets.supremenewyork.com/173529/zo/bVSDp2U91D5.jpg	2022_173529_bVSDp2U91D5.jpg	zo
20220812191228	http://assets.supremenewyork.com/173530/zo/4YkQRG1hdto.jpg	2022_173530_4YkQRG1hdto.jpg	zo
20220812190917	http://assets.supremenewyork.com/173574/zo/WJfJbY_r-tw1.jpg	2022_173574_WJfJbY_r-tw1.jpg	zo
20220812190932	http://assets.supremenewyork.com/173575/zo/xdVrymz6q5Q.jpg	2022_173575_xdVrymz6q5Q.jpg	zo
20220812191447	http://assets.supremenewyork.com/173613/zo/RJUXZAKn3ZA.jpg	2022_173613_RJUXZAKn3ZA.jpg	zo
20220812191819	http://assets.supremenewyork.com/174583/zo/C4cvM1_wR-w2.jpg	2022_174583_C4cvM1_wR-w2.jpg	zo
20220812191216	http://assets.supremenewyork.com/174586/zo/MxoCgeUJE5s1.jpg	2022_174586_MxoCgeUJE5s1.jpg	zo
20220812190026	http://assets.supremenewyork.com/174594/zo/Hbob--8X1OU1.jpg	2022_174594_Hbob--8X1OU1.jpg	zo
20220812190206	http://assets.supremenewyork.com/174595/zo/JPAfLOIXxXM1.jpg	2022_174595_JPAfLOIXxXM1.jpg	zo
20220812190125	http://assets.supremenewyork.com/174596/zo/0rLvnUWHp9o1.jpg	2022_174596_0rLvnUWHp9o1.jpg	zo
20220812191515	http://assets.supremenewyork.com/175017/zo/Vtpjgt38d18.jpg	2022_175017_Vtpjgt38d18.jpg	zo
20220812191008	http://assets.supremenewyork.com/175831/zo/gph_jheDpOo.jpg	2022_175831_gph_jheDpOo.jpg	zo
20220812200858	http://assets.supremenewyork.com/181301/zo/s7DSjd8h1uo.jpg	2022_181301_s7DSjd8h1uo.jpg	zo
20220812195417	http://assets.supremenewyork.com/181323/zo/rhkz18Z45vI.jpg	2022_181323_rhkz18Z45vI.jpg	zo
20220812193312	http://assets.supremenewyork.com/181482/zo/CdNL5YyQlhY.jpg	2022_181482_CdNL5YyQlhY.jpg	zo
20220812200508	http://assets.supremenewyork.com/182351/zo/hBhSZA54dIU.jpg	2022_182351_hBhSZA54dIU.jpg	zo
20220812200233	http://assets.supremenewyork.com/182571/zo/YnKJ4fUgbCk.jpg	2022_182571_YnKJ4fUgbCk.jpg	zo
20220812195742	http://assets.supremenewyork.com/182578/zo/oGk9jWQOBTs1.jpg	2022_182578_oGk9jWQOBTs1.jpg	zo
20220812200832	http://assets.supremenewyork.com/182807/zo/vck5Qg_riwI.jpg	2022_182807_vck5Qg_riwI.jpg	zo
20220812195557	http://assets.supremenewyork.com/182812/zo/RFfq50jCZQk.jpg	2022_182812_RFfq50jCZQk.jpg	zo
20220812200916	http://assets.supremenewyork.com/182813/zo/9s5JkPnZmbA.jpg	2022_182813_9s5JkPnZmbA.jpg	zo
20220812193254	http://assets.supremenewyork.com/182862/zo/HEEFiIGs2_s3.jpg	2022_182862_HEEFiIGs2_s3.jpg	zo
20220812195658	http://assets.supremenewyork.com/183310/zo/eoM9-mmUgEE1.jpg	2022_183310_eoM9-mmUgEE1.jpg	zo
20220812193005	http://assets.supremenewyork.com/183315/zo/Q2DrbVRBdL4.jpg	2022_183315_Q2DrbVRBdL4.jpg	zo
20220812195920	http://assets.supremenewyork.com/183375/zo/g2sFauwu8VE1.jpg	2022_183375_g2sFauwu8VE1.jpg	zo
20220812195933	http://assets.supremenewyork.com/183386/zo/_oYO4BRk1TE.jpg	2022_183386__oYO4BRk1TE.jpg	zo
20220812192814	http://assets.supremenewyork.com/183403/zo/Cz0RUMl3-l1.jpg	2022_183403_Cz0RUMl3-l1.jpg	zo
20220812194028	http://assets.supremenewyork.com/183547/zo/b1xlX3lfhf1.jpg	2022_183547_b1xlX3lfhf1.jpg	zo
20220812195327	http://assets.supremenewyork.com/184033/zo/G0YmxKe63io.jpg	2022_184033_G0YmxKe63io.jpg	zo
20220812200444	http://assets.supremenewyork.com/184041/zo/PNPYXsGWWkY.jpg	2022_184041_PNPYXsGWWkY.jpg	zo
20220812200422	http://assets.supremenewyork.com/184042/zo/JVuy6ATB7h8.jpg	2022_184042_JVuy6ATB7h8.jpg	zo
20220812200132	http://assets.supremenewyork.com/184044/zo/ebRh2XWjuvg.jpg	2022_184044_ebRh2XWjuvg.jpg	zo
20220812195400	http://assets.supremenewyork.com/184046/zo/0GYWpVfOlcM.jpg	2022_184046_0GYWpVfOlcM.jpg	zo
20220812195549	http://assets.supremenewyork.com/184052/zo/hhENeDvrltk.jpg	2022_184052_hhENeDvrltk.jpg	zo
20220812193150	http://assets.supremenewyork.com/184053/zo/j8wvDl9thhs1.jpg	2022_184053_j8wvDl9thhs1.jpg	zo
20220812193244	http://assets.supremenewyork.com/184084/zo/VuX_gB04Leo.jpg	2022_184084_VuX_gB04Leo.jpg	zo
20220812195342	http://assets.supremenewyork.com/184105/zo/8ZzcENZMxoo1.jpg	2022_184105_8ZzcENZMxoo1.jpg	zo
20220812200338	http://assets.supremenewyork.com/184106/zo/z4lAd8Wtv6k.jpg	2022_184106_z4lAd8Wtv6k.jpg	zo
20220812200153	http://assets.supremenewyork.com/184108/zo/NaxxLspTtQ9.jpg	2022_184108_NaxxLspTtQ9.jpg	zo
20220812191938	http://assets.supremenewyork.com/184144/zo/aHb-_Q84-TU.jpg	2022_184144_aHb-_Q84-TU.jpg	zo
20220812192928	http://assets.supremenewyork.com/184146/zo/ScXCMxq_LKI.jpg	2022_184146_ScXCMxq_LKI.jpg	zo
20220813051853	http://assets.supremenewyork.com/190907/zo/2ODo3QiVuYs.jpg	2022_190907_2ODo3QiVuYs.jpg	zo
20220813044318	http://assets.supremenewyork.com/190908/zo/iJqT3rhJXgU.jpg	2022_190908_iJqT3rhJXgU.jpg	zo
20220813065801	http://assets.supremenewyork.com/190937/zo/ra2YG44K5MQ.jpg	2022_190937_ra2YG44K5MQ.jpg	zo
20220812212515	http://assets.supremenewyork.com/190958/zo/C2xzKJI45UM3.jpg	2022_190958_C2xzKJI45UM3.jpg	zo
20220813052403	http://assets.supremenewyork.com/191351/zo/67ERoe2rb2w2.jpg	2022_191351_67ERoe2rb2w2.jpg	zo
20220813044224	http://assets.supremenewyork.com/191357/zo/Pr3f9P3Ypz2.jpg	2022_191357_Pr3f9P3Ypz2.jpg	zo
20220813052323	http://assets.supremenewyork.com/191358/zo/5qbfcrq7l9I1.jpg	2022_191358_5qbfcrq7l9I1.jpg	zo
20220813065856	http://assets.supremenewyork.com/191361/zo/y65iulVSsb10.jpg	2022_191361_y65iulVSsb10.jpg	zo
20220813051521	http://assets.supremenewyork.com/191426/zo/rdUy3-ruq_M4.jpg	2022_191426_rdUy3-ruq_M4.jpg	zo
20220813051839	http://assets.supremenewyork.com/191595/zo/iSB3B-v_eP8.jpg	2022_191595_iSB3B-v_eP8.jpg	zo
20220812202705	http://assets.supremenewyork.com/191603/zo/CtLkpro2ZFc3.jpg	2022_191603_CtLkpro2ZFc3.jpg	zo
20220813051827	http://assets.supremenewyork.com/191611/zo/UW7bXJiRh9k.jpg	2022_191611_UW7bXJiRh9k.jpg	zo
20220813065913	http://assets.supremenewyork.com/191637/zo/HuDRYYIf1cE1.jpg	2022_191637_HuDRYYIf1cE1.jpg	zo
20220813052432	http://assets.supremenewyork.com/191684/zo/kFkZu7a8JMU2.jpg	2022_191684_kFkZu7a8JMU2.jpg	zo
20220813044401	http://assets.supremenewyork.com/192249/zo/UqpNeeFhbWc3.jpg	2022_192249_UqpNeeFhbWc3.jpg	zo
20220813065736	http://assets.supremenewyork.com/192253/zo/xLRfmNAnSPg1.jpg	2022_192253_xLRfmNAnSPg1.jpg	zo
20220813052302	http://assets.supremenewyork.com/192259/zo/LVhyRFUg1WQ1.jpg	2022_192259_LVhyRFUg1WQ1.jpg	zo
20220813044323	http://assets.supremenewyork.com/192474/zo/LISySzr_pNY6.jpg	2022_192474_LISySzr_pNY6.jpg	zo
20220813051509	http://assets.supremenewyork.com/192475/zo/r2_mdPbbtO1.jpg	2022_192475_r2_mdPbbtO1.jpg	zo
20220813051654	http://assets.supremenewyork.com/192476/zo/MEV9yyRGjd5.jpg	2022_192476_MEV9yyRGjd5.jpg	zo
20220912153703	http://assets.supremenewyork.com/192494/zo/_G3O3HGF7dU1.jpg	2022_192494__G3O3HGF7dU1.jpg	zo
20220813051732	http://assets.supremenewyork.com/193030/zo/KopTcB822cA1.jpg	2022_193030_KopTcB822cA1.jpg	zo
20220812212447	http://assets.supremenewyork.com/193280/zo/x7_SFXRqOBk2.jpg	2022_193280_x7_SFXRqOBk2.jpg	zo
20220813060550	http://assets.supremenewyork.com/193333/zo/k8mwc1xUo5Y.jpg	2022_193333_k8mwc1xUo5Y.jpg	zo
20220813062748	http://assets.supremenewyork.com/193334/zo/77tZFUo5qfo.jpg	2022_193334_77tZFUo5qfo.jpg	zo
20220813050722	http://assets.supremenewyork.com/193336/zo/JCxKa5Rd1EQ2.jpg	2022_193336_JCxKa5Rd1EQ2.jpg	zo
20220812202041	http://assets.supremenewyork.com/193417/zo/EB7Wbtxcsfw2.jpg	2022_193417_EB7Wbtxcsfw2.jpg	zo
20220813065844	http://assets.supremenewyork.com/193425/zo/-KqWwU0Ogn9.jpg	2022_193425_-KqWwU0Ogn9.jpg	zo
20220812202405	http://assets.supremenewyork.com/194082/zo/XJ02udyso70.jpg	2022_194082_XJ02udyso70.jpg	zo
20220813051904	http://assets.supremenewyork.com/194094/zo/CoBT_Q_7TJQ1.jpg	2022_194094_CoBT_Q_7TJQ1.jpg	zo
20220813051728	http://assets.supremenewyork.com/194102/zo/uogANPInJbE1.jpg	2022_194102_uogANPInJbE1.jpg	zo
20220812203813	http://assets.supremenewyork.com/194114/zo/iYbg8uoYsvg3.jpg	2022_194114_iYbg8uoYsvg3.jpg	zo
20220813060519	http://assets.supremenewyork.com/194123/zo/sVS8SGdkNUo1.jpg	2022_194123_sVS8SGdkNUo1.jpg	zo
20220813060208	http://assets.supremenewyork.com/194132/zo/S0N9ZXZ_515.jpg	2022_194132_S0N9ZXZ_515.jpg	zo
20220813060246	http://assets.supremenewyork.com/196462/zo/Tf5tFdHkuyk2.jpg	2022_196462_Tf5tFdHkuyk2.jpg	zo
20220509175110	https://assets.supremenewyork.com/226915/zo/-VNXh-wJOUo1.jpg	2022_226915_-VNXh-wJOUo1.jpg	zo
20220813101431	http://d17ol771963kd3.cloudfront.net/126018/zo/iAyZZkO62F4.jpg	2022_126018_iAyZZkO62F4.jpg	zo
20220815074626	https://assets.supremenewyork.com/163667/zo/knwzG3CrsTU.jpg	2022_163667_knwzG3CrsTU.jpg	zo
20221208155335	https://assets.supremenewyork.com/214645/zo/j2h7PWZMQGo3.jpg	2022_214645_j2h7PWZMQGo3.jpg	zo
20220214113452	https://assets.supremenewyork.com/228159/zo/UvYCtihhwA0.jpg	2022_228159_UvYCtihhwA0.jpg	zo
20220315141350	https://assets.supremenewyork.com/233156/zo/dhMt8FVvpeY.jpg	2022_233156_dhMt8FVvpeY.jpg	zo
20221212031815	https://assets.supremenewyork.com/157331/zo/8khvwK7cCh8.jpg	2022_157331_8khvwK7cCh8.jpg	zo
20221119200229	https://assets.supremenewyork.com/228015/zo/OzcjvFemUfI2.jpg	2022_228015_OzcjvFemUfI2.jpg	zo
20221011043433	https://assets.supremenewyork.com/242471/zo/qsN7kuWqoCI2.jpg	2022_242471_qsN7kuWqoCI2.jpg	zo
20220725043022	https://assets.supremenewyork.com/153265/zo/wcfwF5JBjDc2.jpg	2022_153265_wcfwF5JBjDc2.jpg	zo
20220810143639	http://d17ol771963kd3.cloudfront.net/89235/zo/N7dZZbZ99o4.jpg	2022_89235_N7dZZbZ99o4.jpg	zo
20220812201040	https://assets.supremenewyork.com/191183/zo/sb6ambA4f4U1.jpg	2022_191183_sb6ambA4f4U1.jpg	zo
20220615110206	https://assets.supremenewyork.com/190448/zo/BRGusgM9wwM.jpg	2022_190448_BRGusgM9wwM.jpg	zo
20220813064313	http://assets.supremenewyork.com/215449/zo/T7Ia3XTqLRQ6.jpg	2022_215449_T7Ia3XTqLRQ6.jpg	zo
20220412143011	https://assets.supremenewyork.com/234437/zo/eKcHKm2nKh8.jpg	2022_234437_eKcHKm2nKh8.jpg	zo
20221009030742	https://assets.supremenewyork.com/74510/zo/kN2bno35nmg.jpg	2022_74510_kN2bno35nmg.jpg	zo
20220802104953	https://assets.supremenewyork.com/164564/zo/m0LNuMQsF8g1.jpg	2022_164564_m0LNuMQsF8g1.jpg	zo
20221009035004	https://assets.supremenewyork.com/161399/zo/NEgOxx1MJh4.jpg	2022_161399_NEgOxx1MJh4.jpg	zo
20220813073532	http://d17ol771963kd3.cloudfront.net/114136/zo/eVs3shaTy48.jpg	2022_114136_eVs3shaTy48.jpg	zo
20220516203236	https://assets.supremenewyork.com/235403/zo/_ETUILXqh2w.jpg	2022_235403__ETUILXqh2w.jpg	zo
20220408192306	https://assets.supremenewyork.com/225613/zo/P_iXdE0UAVU1.jpg	2022_225613_P_iXdE0UAVU1.jpg	zo
20221221040806	https://assets.supremenewyork.com/210586/zo/PNeERFU96tY.jpg	2022_210586_PNeERFU96tY.jpg	zo
20220824211828	http://assets.supremenewyork.com/226881/zo/CUrJtinijs10.jpg	2022_226881_CUrJtinijs10.jpg	zo
20221209234547	https://assets.supremenewyork.com/243966/zo/H90AW_6tdKc.jpg	2022_243966_H90AW_6tdKc.jpg	zo
20221029011731	https://assets.supremenewyork.com/226921/zo/02kSbL_Vse1.jpg	2022_226921_02kSbL_Vse1.jpg	zo
20220214113458	https://assets.supremenewyork.com/231815/zo/DG7m1RlOHDI.jpg	2022_231815_DG7m1RlOHDI.jpg	zo
20220917073422	https://assets.supremenewyork.com/215866/zo/smmm-yQaGFU.jpg	2022_215866_smmm-yQaGFU.jpg	zo
20220813065200	http://assets.supremenewyork.com/215469/zo/7Af_qlWDQ8w1.jpg	2022_215469_7Af_qlWDQ8w1.jpg	zo
20220327122806	http://d17ol771963kd3.cloudfront.net/127627/zo/jV67dH_rFY0.jpg	2022_127627_jV67dH_rFY0.jpg	zo
20220913014745	https://assets.supremenewyork.com/242206/zo/QZ774cUahq0.jpg	2022_242206_QZ774cUahq0.jpg	zo
20221009030738	https://assets.supremenewyork.com/103847/zo/BJ667hW_L5g.jpg	2022_103847_BJ667hW_L5g.jpg	zo
20220824101641	https://assets.supremenewyork.com/240884/zo/T86qomeWihE.jpg	2022_240884_T86qomeWihE.jpg	zo
20221009030727	https://assets.supremenewyork.com/141038/zo/tThphg1gDUI.jpg	2022_141038_tThphg1gDUI.jpg	zo
20220215163108	https://assets.supremenewyork.com/232135/zo/WKxu1c6QMDw1.jpg	2022_232135_WKxu1c6QMDw1.jpg	zo
20220516044147	https://assets.supremenewyork.com/235374/zo/bnauQVREcU0.jpg	2022_235374_bnauQVREcU0.jpg	zo
20221018031916	https://assets.supremenewyork.com/171873/zo/R_MFmcqfalM.jpg	2022_171873_R_MFmcqfalM.jpg	zo
20221121135117	https://assets.supremenewyork.com/250727/zo/s9TU71qQos8.jpg	2022_250727_s9TU71qQos8.jpg	zo
20221120171410	https://assets.supremenewyork.com/191460/zo/Jw3Dm3zvd4Y2.jpg	2022_191460_Jw3Dm3zvd4Y2.jpg	zo
20221009034617	https://assets.supremenewyork.com/74514/zo/NjW5hTIZMk4.jpg	2022_74514_NjW5hTIZMk4.jpg	zo
20220214113508	https://assets.supremenewyork.com/232145/zo/6gLyLfTnEsY.jpg	2022_232145_6gLyLfTnEsY.jpg	zo
20221110015808	https://assets.supremenewyork.com/221521/zo/t5ygGcX9Jzk.jpg	2022_221521_t5ygGcX9Jzk.jpg	zo
20221015010459	https://assets.supremenewyork.com/214027/zo/Y57YTRU2qDQ.jpg	2022_214027_Y57YTRU2qDQ.jpg	zo
20220913084704	https://assets.supremenewyork.com/248064/zo/lXvHzisG1lM.jpg	2022_248064_lXvHzisG1lM.jpg	zo
20220307063007	https://assets.supremenewyork.com/226847/zo/1wrKs-T2xG9.jpg	2022_226847_1wrKs-T2xG9.jpg	zo
20221225234221	https://assets.supremenewyork.com/226863/zo/xLxFHmtBfCA2.jpg	2022_226863_xLxFHmtBfCA2.jpg	zo
20220822155841	https://assets.supremenewyork.com/243307/zo/ep1gGQergcQ.jpg	2022_243307_ep1gGQergcQ.jpg	zo
20220707005936	https://assets.supremenewyork.com/226876/zo/EFoUJx_txP1.jpg	2022_226876_EFoUJx_txP1.jpg	zo
20220810013735	https://assets.supremenewyork.com/144798/zo/dV_XjuvJyeo1.jpg	2022_144798_dV_XjuvJyeo1.jpg	zo
20220328131754	http://assets.supremenewyork.com/213611/zo/hIwD3u1108o.jpg	2022_213611_hIwD3u1108o.jpg	zo
20220822185621	https://assets.supremenewyork.com/241883/zo/cMq3qWA6kM6.jpg	2022_241883_cMq3qWA6kM6.jpg	zo
20220214113451	https://assets.supremenewyork.com/227934/zo/Yd2rXj8Mo3E.jpg	2022_227934_Yd2rXj8Mo3E.jpg	zo
20221009030740	https://assets.supremenewyork.com/125458/zo/zZwMPfhHo_4.jpg	2022_125458_zZwMPfhHo_4.jpg	zo
20220520030515	http://assets.supremenewyork.com/213653/zo/8CY1qfcfgUE.jpg	2022_213653_8CY1qfcfgUE.jpg	zo
20221216140204	https://assets.supremenewyork.com/163362/zo/nn-bp402qds2.jpg	2022_163362_nn-bp402qds2.jpg	zo
20220214123433	https://assets.supremenewyork.com/225069/zo/hZalscmQcvY.jpg	2022_225069_hZalscmQcvY.jpg	zo
20221121135105	https://assets.supremenewyork.com/251059/zo/Kj9MdkO01ak.jpg	2022_251059_Kj9MdkO01ak.jpg	zo
20221208001523	https://assets.supremenewyork.com/242313/zo/7oeQBJo8XxA.jpg	2022_242313_7oeQBJo8XxA.jpg	zo
20220108224823	http://d17ol771963kd3.cloudfront.net/114155/zo/rmP9etcQ_m0.jpg	2022_114155_rmP9etcQ_m0.jpg	zo
20220407212342	https://assets.supremenewyork.com/228260/zo/gSu6i8t9S_s1.jpg	2022_228260_gSu6i8t9S_s1.jpg	zo
20221221010451	https://assets.supremenewyork.com/164856/zo/1Mm-neIl00E1.jpg	2022_164856_1Mm-neIl00E1.jpg	zo
20221009030741	https://assets.supremenewyork.com/143039/zo/J9_BlackWhite03_X_1335114740.jpg	2022_143039_J9_BlackWhite03_X_1335114740.jpg	zo
20220327022546	https://assets.supremenewyork.com/233042/zo/yvFL3VXmhgE.jpg	2022_233042_yvFL3VXmhgE.jpg	zo
20221015010519	https://assets.supremenewyork.com/127990/zo/vPQFCOIvPCE2.jpg	2022_127990_vPQFCOIvPCE2.jpg	zo
20220803090730	https://assets.supremenewyork.com/165136/zo/9QicNJ5HK0A.jpg	2022_165136_9QicNJ5HK0A.jpg	zo
20220813074008	http://d17ol771963kd3.cloudfront.net/114166/zo/puNkVY8Lqic.jpg	2022_114166_puNkVY8Lqic.jpg	zo
20220822133823	https://assets.supremenewyork.com/240595/zo/FMOMMQdr8K8.jpg	2022_240595_FMOMMQdr8K8.jpg	zo
20221009035941	https://assets.supremenewyork.com/103856/zo/ZeKpmrKpbxI.jpg	2022_103856_ZeKpmrKpbxI.jpg	zo
20221120172550	https://assets.supremenewyork.com/215824/zo/wEM54UFas0A.jpg	2022_215824_wEM54UFas0A.jpg	zo
20220430231313	https://assets.supremenewyork.com/213864/zo/Q2WUCyG0_3I.jpg	2022_213864_Q2WUCyG0_3I.jpg	zo
20220813064847	http://assets.supremenewyork.com/216317/zo/rU5W5OpRUj12.jpg	2022_216317_rU5W5OpRUj12.jpg	zo
20221011043410	https://assets.supremenewyork.com/241668/zo/nWsjwlMCV31.jpg	2022_241668_nWsjwlMCV31.jpg	zo
20221009034212	https://assets.supremenewyork.com/125477/zo/pGjPxfCTYLA.jpg	2022_125477_pGjPxfCTYLA.jpg	zo
20220813063151	http://assets.supremenewyork.com/214846/zo/0czmd5INFZ10.jpg	2022_214846_0czmd5INFZ10.jpg	zo
20221015010858	https://assets.supremenewyork.com/188190/zo/Wcst_NEWt78.jpg	2022_188190_Wcst_NEWt78.jpg	zo
20220614113032	https://assets.supremenewyork.com/239352/zo/WRWpzWPxgeY.jpg	2022_239352_WRWpzWPxgeY.jpg	zo
20220721192241	https://assets.supremenewyork.com/202907/zo/7Qj65R7bdUE5.jpg	2022_202907_7Qj65R7bdUE5.jpg	zo
20220704210154	https://assets.supremenewyork.com/200643/zo/n3NBDas4UM4.jpg	2022_200643_n3NBDas4UM4.jpg	zo
20220813064726	http://assets.supremenewyork.com/216313/zo/DLc8gnuX-zA1.jpg	2022_216313_DLc8gnuX-zA1.jpg	zo
20221209112009	https://assets.supremenewyork.com/155561/zo/qxzAiqudtqQ.jpg	2022_155561_qxzAiqudtqQ.jpg	zo
20220313045959	https://assets.supremenewyork.com/232637/zo/ew-7Teduzjs.jpg	2022_232637_ew-7Teduzjs.jpg	zo
20221028025353	https://assets.supremenewyork.com/227066/zo/m2nZIX9dCMA1.jpg	2022_227066_m2nZIX9dCMA1.jpg	zo
20220313044426	https://assets.supremenewyork.com/232672/zo/_1s4XYnHFcU.jpg	2022_232672__1s4XYnHFcU.jpg	zo
20221020100219	https://assets.supremenewyork.com/249298/zo/m2AF6piK7Mk.jpg	2022_249298_m2AF6piK7Mk.jpg	zo
20221009030748	https://assets.supremenewyork.com/142084/zo/Z73160J2Bsk.jpg	2022_142084_Z73160J2Bsk.jpg	zo
20221011043452	https://assets.supremenewyork.com/248997/zo/-ZAx1ZjTjE8.jpg	2022_248997_-ZAx1ZjTjE8.jpg	zo
20220813100710	http://d17ol771963kd3.cloudfront.net/126061/zo/zTYKcx6koRc.jpg	2022_126061_zTYKcx6koRc.jpg	zo
20230111061651	http://assets.supremenewyork.com/144602/zo/KHeLg_BEcK0.jpg	2023_144602_KHeLg_BEcK0.jpg	zo
20230110192838	http://assets.supremenewyork.com/155907/zo/-426T07aaig1.jpg	2023_155907_-426T07aaig1.jpg	zo
20230110192821	http://assets.supremenewyork.com/155908/zo/YVmaW5WEDT0.jpg	2023_155908_YVmaW5WEDT0.jpg	zo
20230206193614	https://assets.supremenewyork.com/248615/zo/_fRlFcpz7g4.jpg	2023_248615__fRlFcpz7g4.jpg	zo
20230326181529	https://assets.supremenewyork.com/228255/zo/IbbTvQpCFzQ1.jpg	2023_228255_IbbTvQpCFzQ1.jpg	zo
20230325160227	https://assets.supremenewyork.com/225324/zo/heMCPcJigeo.jpg	2023_225324_heMCPcJigeo.jpg	zo
20230212220856	https://assets.supremenewyork.com/184819/zo/kbfwMvHJHQg.jpg	2023_184819_kbfwMvHJHQg.jpg	zo
20230208103147	https://assets.supremenewyork.com/183602/zo/4uoovuqp7ik2.jpg	2023_183602_4uoovuqp7ik2.jpg	zo
20230212043912	https://assets.supremenewyork.com/243424/zo/qNs38HGeTns.jpg	2023_243424_qNs38HGeTns.jpg	zo
20230209092027	https://assets.supremenewyork.com/220722/zo/Bx8i2oIuskg.jpg	2023_220722_Bx8i2oIuskg.jpg	zo
20230329165711	https://assets.supremenewyork.com/152327/zo/4VeDNLslSOc1.jpg	2023_152327_4VeDNLslSOc1.jpg	zo
20230210231235	https://assets.supremenewyork.com/241165/zo/wB-kq9COuCA.jpg	2023_241165_wB-kq9COuCA.jpg	zo
20230328113844	https://assets.supremenewyork.com/200858/zo/4OtHcBF4mg8.jpg	2023_200858_4OtHcBF4mg8.jpg	zo
20230209105414	https://assets.supremenewyork.com/124520/zo/5EHlHsHs6KE.jpg	2023_124520_5EHlHsHs6KE.jpg	zo
20230209123252	https://assets.supremenewyork.com/166639/zo/nKieiov0UyY1.jpg	2023_166639_nKieiov0UyY1.jpg	zo
20230209220305	https://assets.supremenewyork.com/225187/zo/KDSS6hL4B8s.jpg	2023_225187_KDSS6hL4B8s.jpg	zo
20230211051008	https://assets.supremenewyork.com/226024/zo/waHj84U8S9w1.jpg	2023_226024_waHj84U8S9w1.jpg	zo
20230210085305	https://assets.supremenewyork.com/145840/zo/fLDJSK_iYJk.jpg	2023_145840_fLDJSK_iYJk.jpg	zo
20230308074055	https://assets.supremenewyork.com/163629/zo/MMAOUzp4ojk.jpg	2023_163629_MMAOUzp4ojk.jpg	zo
20230212143625	https://assets.supremenewyork.com/243111/zo/uODtKc3MBK9.jpg	2023_243111_uODtKc3MBK9.jpg	zo
20230208185413	https://assets.supremenewyork.com/165615/zo/kTJkyQJ8soo1.jpg	2023_165615_kTJkyQJ8soo1.jpg	zo
20230329005509	https://assets.supremenewyork.com/214534/zo/PwddEnYlvKg.jpg	2023_214534_PwddEnYlvKg.jpg	zo
20230208090544	https://assets.supremenewyork.com/241670/zo/k3E1J_IlhtU2.jpg	2023_241670_k3E1J_IlhtU2.jpg	zo
20230203005528	https://assets.supremenewyork.com/201061/zo/WzrQIHktmTc.jpg	2023_201061_WzrQIHktmTc.jpg	zo
20230302152348	https://assets.supremenewyork.com/225329/zo/sj7Ym4NrzWo.jpg	2023_225329_sj7Ym4NrzWo.jpg	zo
20230224011547	https://assets.supremenewyork.com/214590/zo/myLuvdGvGkk2.jpg	2023_214590_myLuvdGvGkk2.jpg	zo
20230212031815	https://assets.supremenewyork.com/136610/zo/YS2sKhUr8N8.jpg	2023_136610_YS2sKhUr8N8.jpg	zo
20230209172544	https://assets.supremenewyork.com/203844/zo/vvT3ebjuqEQ.jpg	2023_203844_vvT3ebjuqEQ.jpg	zo
20230211153400	https://assets.supremenewyork.com/136494/zo/llWrufNoMmo.jpg	2023_136494_llWrufNoMmo.jpg	zo
20230210161208	https://assets.supremenewyork.com/241739/zo/kNDz4-2YPyw2.jpg	2023_241739_kNDz4-2YPyw2.jpg	zo
20230210000922	https://assets.supremenewyork.com/215946/zo/VetmExbdt40.jpg	2023_215946_VetmExbdt40.jpg	zo
20230209104931	https://assets.supremenewyork.com/241623/zo/hceTauLLBEQ1.jpg	2023_241623_hceTauLLBEQ1.jpg	zo
20230210014950	https://assets.supremenewyork.com/215709/zo/NQbL57h-jWQ2.jpg	2023_215709_NQbL57h-jWQ2.jpg	zo
20230210044527	https://assets.supremenewyork.com/226200/zo/uwszdWOqwqE1.jpg	2023_226200_uwszdWOqwqE1.jpg	zo
20230128115121	https://assets.supremenewyork.com/135953/zo/3YzbkqOrzBk.jpg	2023_135953_3YzbkqOrzBk.jpg	zo
20230210232619	http://assets.supremenewyork.com/241502/zo/GQqPWPiia0w1.jpg	2023_241502_GQqPWPiia0w1.jpg	zo
20230208043230	https://assets.supremenewyork.com/134807/zo/SqU9HJLBk61.jpg	2023_134807_SqU9HJLBk61.jpg	zo
20230209233638	https://assets.supremenewyork.com/228186/zo/yVfG4JyY4WI1.jpg	2023_228186_yVfG4JyY4WI1.jpg	zo
20230225004541	https://assets.supremenewyork.com/191541/zo/charffMk7f11.jpg	2023_191541_charffMk7f11.jpg	zo
20230211225421	https://assets.supremenewyork.com/201056/zo/6nFH0P0K32I.jpg	2023_201056_6nFH0P0K32I.jpg	zo
20230208044400	https://assets.supremenewyork.com/214170/zo/Kwajhme6F-A2.jpg	2023_214170_Kwajhme6F-A2.jpg	zo
20230203015921	https://assets.supremenewyork.com/201628/zo/e9fOXv8O-Ao1.jpg	2023_201628_e9fOXv8O-Ao1.jpg	zo
20230212225539	https://assets.supremenewyork.com/202856/zo/Rsq-brLdA_E4.jpg	2023_202856_Rsq-brLdA_E4.jpg	zo
20230209092900	https://assets.supremenewyork.com/248569/zo/lojnl6_opz4.jpg	2023_248569_lojnl6_opz4.jpg	zo
20230308225149	https://assets.supremenewyork.com/214753/zo/mmoMrrNFpNM1.jpg	2023_214753_mmoMrrNFpNM1.jpg	zo
20230210003036	https://assets.supremenewyork.com/134414/zo/6x9FjIFosDY.jpg	2023_134414_6x9FjIFosDY.jpg	zo
20230208112104	https://assets.supremenewyork.com/243139/zo/PPFCqC2EdKk2.jpg	2023_243139_PPFCqC2EdKk2.jpg	zo
20230311041327	https://assets.supremenewyork.com/126546/zo/C9S8i3IukkI.jpg	2023_126546_C9S8i3IukkI.jpg	zo
20230211151329	https://assets.supremenewyork.com/125886/zo/IFwaa52f7dg.jpg	2023_125886_IFwaa52f7dg.jpg	zo
20230210232432	https://assets.supremenewyork.com/241488/zo/dkXCCcVRFGk1.jpg	2023_241488_dkXCCcVRFGk1.jpg	zo
20230215081723	https://assets.supremenewyork.com/200894/zo/W_mqniWXWy4.jpg	2023_200894_W_mqniWXWy4.jpg	zo
20230211183524	https://assets.supremenewyork.com/213962/zo/0kS9go7LF_o.jpg	2023_213962_0kS9go7LF_o.jpg	zo
20230210172443	https://assets.supremenewyork.com/202333/zo/T__OsvxDRWc.jpg	2023_202333_T__OsvxDRWc.jpg	zo
20230210172746	https://assets.supremenewyork.com/153721/zo/HrsLdRrZ6vs2.jpg	2023_153721_HrsLdRrZ6vs2.jpg	zo
20230211231030	https://assets.supremenewyork.com/201036/zo/kzFVwiTx01U2.jpg	2023_201036_kzFVwiTx01U2.jpg	zo
20230211123520	https://assets.supremenewyork.com/227049/zo/U5ktmzCEJYg1.jpg	2023_227049_U5ktmzCEJYg1.jpg	zo
20230209112440	https://assets.supremenewyork.com/227554/zo/Ek9nKQeEPQw1.jpg	2023_227554_Ek9nKQeEPQw1.jpg	zo
20230211142929	https://assets.supremenewyork.com/201533/zo/gRomDhBMbgY.jpg	2023_201533_gRomDhBMbgY.jpg	zo
20230219163932	https://assets.supremenewyork.com/243314/zo/eu5w87HJxK2.jpg	2023_243314_eu5w87HJxK2.jpg	zo
20230211153908	https://assets.supremenewyork.com/202095/zo/0aqNzQbugNk2.jpg	2023_202095_0aqNzQbugNk2.jpg	zo
20230311035135	https://assets.supremenewyork.com/214434/zo/RXnby47TPa8.jpg	2023_214434_RXnby47TPa8.jpg	zo
20230212153250	https://assets.supremenewyork.com/213679/zo/uBM0oHY2dHc.jpg	2023_213679_uBM0oHY2dHc.jpg	zo
20230320012913	https://assets.supremenewyork.com/214585/zo/ggGTjHBvI7Y.jpg	2023_214585_ggGTjHBvI7Y.jpg	zo
20230304041826	https://assets.supremenewyork.com/214673/zo/R2Eb1uBWN30.jpg	2023_214673_R2Eb1uBWN30.jpg	zo
20230210232628	http://assets.supremenewyork.com/241449/zo/mz72nCsltXU2.jpg	2023_241449_mz72nCsltXU2.jpg	zo
20230326165606	https://assets.supremenewyork.com/182777/zo/oP7XZNNPKmM1.jpg	2023_182777_oP7XZNNPKmM1.jpg	zo
20230212202605	https://assets.supremenewyork.com/152117/zo/4CePeOiXB-1.jpg	2023_152117_4CePeOiXB-1.jpg	zo
20230311103423	http://d17ol771963kd3.cloudfront.net/114174/zo/yN7sdj1Yku8.jpg	2023_114174_yN7sdj1Yku8.jpg	zo
20230114104929	https://assets.supremenewyork.com/226925/zo/EW_pDb9sknY3.jpg	2023_226925_EW_pDb9sknY3.jpg	zo
20230107085907	https://assets.supremenewyork.com/201709/zo/ZFv3hgznBFQ3.jpg	2023_201709_ZFv3hgznBFQ3.jpg	zo
20230211041027	https://assets.supremenewyork.com/242456/zo/Yvl7ur_51a5.jpg	2023_242456_Yvl7ur_51a5.jpg	zo
20230210212104	https://assets.supremenewyork.com/250215/zo/1fSCmRHS2m0.jpg	2023_250215_1fSCmRHS2m0.jpg	zo
20230211145056	https://assets.supremenewyork.com/226634/zo/IVykJuFxW7U4.jpg	2023_226634_IVykJuFxW7U4.jpg	zo
20230208153310	https://assets.supremenewyork.com/241798/zo/-frqEpRhKXw2.jpg	2023_241798_-frqEpRhKXw2.jpg	zo
20230209181027	https://assets.supremenewyork.com/163511/zo/B0My6XFkrEQ.jpg	2023_163511_B0My6XFkrEQ.jpg	zo
20230221084345	https://assets.supremenewyork.com/190446/zo/0HlRPv4BBfA.jpg	2023_190446_0HlRPv4BBfA.jpg	zo
20230211214849	https://assets.supremenewyork.com/226251/zo/bKgzsx9DFsU.jpg	2023_226251_bKgzsx9DFsU.jpg	zo
20230209123137	https://assets.supremenewyork.com/225429/zo/5utHgZY4Y7Y.jpg	2023_225429_5utHgZY4Y7Y.jpg	zo
20230322214733	https://assets.supremenewyork.com/232551/zo/khCN-nwRoH8.jpg	2023_232551_khCN-nwRoH8.jpg	zo
20230326233429	https://assets.supremenewyork.com/134773/zo/qaIdbk4mEbo1.jpg	2023_134773_qaIdbk4mEbo1.jpg	zo
20230209095714	https://assets.supremenewyork.com/224151/zo/VCZETKvhj9M.jpg	2023_224151_VCZETKvhj9M.jpg	zo
20230210004903	https://assets.supremenewyork.com/240991/zo/WjhyLqdR1Po.jpg	2023_240991_WjhyLqdR1Po.jpg	zo
20230210232440	http://assets.supremenewyork.com/241477/zo/XK6xobVHAZg1.jpg	2023_241477_XK6xobVHAZg1.jpg	zo
20230210232536	http://assets.supremenewyork.com/242415/zo/nuMBbrIysAs1.jpg	2023_242415_nuMBbrIysAs1.jpg	zo
20230202092521	https://assets.supremenewyork.com/214596/zo/zcMTGd-c10U.jpg	2023_214596_zcMTGd-c10U.jpg	zo
20230208022412	https://assets.supremenewyork.com/202705/zo/XUcKrdC1CIo4.jpg	2023_202705_XUcKrdC1CIo4.jpg	zo
20230216082308	https://assets.supremenewyork.com/240679/zo/OeiX5Xf9dGE.jpg	2023_240679_OeiX5Xf9dGE.jpg	zo
20230311103424	http://d17ol771963kd3.cloudfront.net/114173/zo/L9LIrSrFPJg.jpg	2023_114173_L9LIrSrFPJg.jpg	zo
20230210155535	https://assets.supremenewyork.com/224121/zo/SbI9h2saYTk.jpg	2023_224121_SbI9h2saYTk.jpg	zo
20230208173420	https://assets.supremenewyork.com/133618/zo/C4aje8XlxYA.jpg	2023_133618_C4aje8XlxYA.jpg	zo
20230208151612	https://assets.supremenewyork.com/174245/zo/CoqxD9RTcxM.jpg	2023_174245_CoqxD9RTcxM.jpg	zo
20230211172516	https://assets.supremenewyork.com/213720/zo/cTv66Hon3Q9.jpg	2023_213720_cTv66Hon3Q9.jpg	zo
20230214141551	http://d17ol771963kd3.cloudfront.net/87196/zo/o1wkIM49CAs.jpg	2023_87196_o1wkIM49CAs.jpg	zo
20230208032417	https://assets.supremenewyork.com/183630/zo/BEdPXWP7_X8.jpg	2023_183630_BEdPXWP7_X8.jpg	zo
20230209135629	https://assets.supremenewyork.com/163902/zo/KKIHxbMaAKI.jpg	2023_163902_KKIHxbMaAKI.jpg	zo
20230211231731	https://assets.supremenewyork.com/226821/zo/gDGNr9BrUuQ.jpg	2023_226821_gDGNr9BrUuQ.jpg	zo
20230322214010	https://assets.supremenewyork.com/226583/zo/5STlc3NeI1Y3.jpg	2023_226583_5STlc3NeI1Y3.jpg	zo
20230209222833	https://assets.supremenewyork.com/213700/zo/RzcTwC0l2gE.jpg	2023_213700_RzcTwC0l2gE.jpg	zo
20230212203829	https://assets.supremenewyork.com/241836/zo/XhusQuN2C3k2.jpg	2023_241836_XhusQuN2C3k2.jpg	zo
20230208134204	https://assets.supremenewyork.com/215311/zo/I_eDXVTTGHw1.jpg	2023_215311_I_eDXVTTGHw1.jpg	zo
20230210124925	https://assets.supremenewyork.com/202513/zo/qbwLgpVMfWI2.jpg	2023_202513_qbwLgpVMfWI2.jpg	zo
20230208065054	https://assets.supremenewyork.com/225820/zo/EXF-fO7D775.jpg	2023_225820_EXF-fO7D775.jpg	zo
20230208114351	https://assets.supremenewyork.com/184116/zo/Pa24G0QYdrU1.jpg	2023_184116_Pa24G0QYdrU1.jpg	zo
20230327002340	https://assets.supremenewyork.com/201789/zo/IRPze4Pu3Kk.jpg	2023_201789_IRPze4Pu3Kk.jpg	zo
20230102020658	https://assets.supremenewyork.com/227342/zo/QIxpWZMy5LE.jpg	2023_227342_QIxpWZMy5LE.jpg	zo
20230209211521	https://assets.supremenewyork.com/201230/zo/h2d-cibKVfc1.jpg	2023_201230_h2d-cibKVfc1.jpg	zo
20230211183150	https://assets.supremenewyork.com/213835/zo/Z47mWQwH2NA.jpg	2023_213835_Z47mWQwH2NA.jpg	zo
20230326181529	https://assets.supremenewyork.com/232558/zo/ORnnnkK04oU.jpg	2023_232558_ORnnnkK04oU.jpg	zo
20230311103424	http://d17ol771963kd3.cloudfront.net/114171/zo/ArFLBrqg87Y.jpg	2023_114171_ArFLBrqg87Y.jpg	zo
20230326233428	https://assets.supremenewyork.com/133769/zo/SabncZjENhM.jpg	2023_133769_SabncZjENhM.jpg	zo
20230326000044	https://assets.supremenewyork.com/163497/zo/Nh4pt_eXhQA.jpg	2023_163497_Nh4pt_eXhQA.jpg	zo
20230211233048	https://assets.supremenewyork.com/227553/zo/cBkKXLYlp3I.jpg	2023_227553_cBkKXLYlp3I.jpg	zo
20230212171604	https://assets.supremenewyork.com/202564/zo/0KWl56ucFgc4.jpg	2023_202564_0KWl56ucFgc4.jpg	zo
20230212215202	https://assets.supremenewyork.com/228222/zo/s_VF6_DAHx4.jpg	2023_228222_s_VF6_DAHx4.jpg	zo
20230210213717	https://assets.supremenewyork.com/201864/zo/m-X4CVRQ2BA3.jpg	2023_201864_m-X4CVRQ2BA3.jpg	zo
20230209151016	https://assets.supremenewyork.com/243135/zo/R565ppuCzK2.jpg	2023_243135_R565ppuCzK2.jpg	zo
20230208154557	https://assets.supremenewyork.com/174231/zo/ozhZ03k1njo3.jpg	2023_174231_ozhZ03k1njo3.jpg	zo
20230101094240	https://assets.supremenewyork.com/226829/zo/w7_zBC99KoA.jpg	2023_226829_w7_zBC99KoA.jpg	zo
20230330171157	https://assets.supremenewyork.com/152130/zo/Xsx0iIU7f51.jpg	2023_152130_Xsx0iIU7f51.jpg	zo
20230327001111	https://assets.supremenewyork.com/238758/zo/5d9ZirZnGy8.jpg	2023_238758_5d9ZirZnGy8.jpg	zo
20230211174925	https://assets.supremenewyork.com/240986/zo/nkoEZKFxC1c1.jpg	2023_240986_nkoEZKFxC1c1.jpg	zo
20230210231933	https://assets.supremenewyork.com/227755/zo/UZxUvsM-B2c2.jpg	2023_227755_UZxUvsM-B2c2.jpg	zo
20230102020710	https://assets.supremenewyork.com/196894/zo/9Vr8qi5y8hI.jpg	2023_196894_9Vr8qi5y8hI.jpg	zo
20230210192514	https://assets.supremenewyork.com/191151/zo/d1whHK6lOdQ.jpg	2023_191151_d1whHK6lOdQ.jpg	zo
20230210002139	https://assets.supremenewyork.com/204368/zo/-umzXnqxqLQ3.jpg	2023_204368_-umzXnqxqLQ3.jpg	zo
20230311112704	https://assets.supremenewyork.com/248576/zo/A1IR0NAn6C4.jpg	2023_248576_A1IR0NAn6C4.jpg	zo
20230207080838	https://assets.supremenewyork.com/225180/zo/KYAFBWrYN4w.jpg	2023_225180_KYAFBWrYN4w.jpg	zo
20230208010948	https://assets.supremenewyork.com/145024/zo/g3Xp9XMrVUc1.jpg	2023_145024_g3Xp9XMrVUc1.jpg	zo
20230316010951	https://assets.supremenewyork.com/190461/zo/R0QObrsLU_E.jpg	2023_190461_R0QObrsLU_E.jpg	zo
20230317232625	https://assets.supremenewyork.com/203863/zo/KoMDHhzDkeM1.jpg	2023_203863_KoMDHhzDkeM1.jpg	zo
20230209203311	https://assets.supremenewyork.com/192554/zo/j4oLhQt5zvM1.jpg	2023_192554_j4oLhQt5zvM1.jpg	zo
20230210081234	https://assets.supremenewyork.com/204192/zo/qf05Z27Lwgo2.jpg	2023_204192_qf05Z27Lwgo2.jpg	zo
20230321163250	https://assets.supremenewyork.com/203419/zo/9P25utUJDkk1.jpg	2023_203419_9P25utUJDkk1.jpg	zo
20230327142343	https://assets.supremenewyork.com/127174/zo/XUs1WxRpjTo.jpg	2023_127174_XUs1WxRpjTo.jpg	zo
20230320012850	https://assets.supremenewyork.com/213943/zo/Lyb1e2N_8so.jpg	2023_213943_Lyb1e2N_8so.jpg	zo
20230326151441	https://assets.supremenewyork.com/191088/zo/eF_liwMgmRc3.jpg	2023_191088_eF_liwMgmRc3.jpg	zo
20230108133822	https://assets.supremenewyork.com/223536/zo/SWimWfIpuC4.jpg	2023_223536_SWimWfIpuC4.jpg	zo
20230211220316	https://assets.supremenewyork.com/213576/zo/4hYGq8ohxDE.jpg	2023_213576_4hYGq8ohxDE.jpg	zo
20230127024743	https://assets.supremenewyork.com/226753/zo/dZsRJL7Hjuo1.jpg	2023_226753_dZsRJL7Hjuo1.jpg	zo
20230210232501	http://assets.supremenewyork.com/241482/zo/NKZ95k9aVqk1.jpg	2023_241482_NKZ95k9aVqk1.jpg	zo
20230210212447	https://assets.supremenewyork.com/216030/zo/f79ZG-NDg9g1.jpg	2023_216030_f79ZG-NDg9g1.jpg	zo
20230209150202	https://assets.supremenewyork.com/201041/zo/K0NyLktxfgM.jpg	2023_201041_K0NyLktxfgM.jpg	zo
20230310212314	https://assets.supremenewyork.com/242696/zo/jYj9Jz_Sl1M5.jpg	2023_242696_jYj9Jz_Sl1M5.jpg	zo
20230322235702	https://assets.supremenewyork.com/214754/zo/SURC6MFzS6Y2.jpg	2023_214754_SURC6MFzS6Y2.jpg	zo
20230209191225	https://assets.supremenewyork.com/135453/zo/n6_Rb_BSLmc.jpg	2023_135453_n6_Rb_BSLmc.jpg	zo
20230211205925	https://assets.supremenewyork.com/193447/zo/O7PI6gTabhk2.jpg	2023_193447_O7PI6gTabhk2.jpg	zo
20230209154640	https://assets.supremenewyork.com/224148/zo/BggIuVyg674.jpg	2023_224148_BggIuVyg674.jpg	zo
20230209190827	https://assets.supremenewyork.com/201402/zo/mr26NvKxVrs.jpg	2023_201402_mr26NvKxVrs.jpg	zo
20230210232643	http://assets.supremenewyork.com/243442/zo/zUOq2AqC8R4.jpg	2023_243442_zUOq2AqC8R4.jpg	zo
20230211195813	https://assets.supremenewyork.com/249241/zo/-uzBN9bhxLU.jpg	2023_249241_-uzBN9bhxLU.jpg	zo
20230210233803	https://assets.supremenewyork.com/240271/zo/S_SIjE3OmDA.jpg	2023_240271_S_SIjE3OmDA.jpg	zo
20230205115212	https://assets.supremenewyork.com/211161/zo/MnZ7mGYwrKA.jpg	2023_211161_MnZ7mGYwrKA.jpg	zo
20230308040645	https://assets.supremenewyork.com/127573/zo/Fd3Qau6FPOU.jpg	2023_127573_Fd3Qau6FPOU.jpg	zo
20230311103424	http://d17ol771963kd3.cloudfront.net/114177/zo/bGrvEXsM_yI.jpg	2023_114177_bGrvEXsM_yI.jpg	zo
20230201065212	https://assets.supremenewyork.com/165728/zo/sWzE8nVp8S0.jpg	2023_165728_sWzE8nVp8S0.jpg	zo
20230208142102	https://assets.supremenewyork.com/145846/zo/QtmeJgQsf1w.jpg	2023_145846_QtmeJgQsf1w.jpg	zo
20230129082006	https://assets.supremenewyork.com/201060/zo/TTk47e6HYNc.jpg	2023_201060_TTk47e6HYNc.jpg	zo
20230305034934	https://assets.supremenewyork.com/191515/zo/mSMGuIbBGfg.jpg	2023_191515_mSMGuIbBGfg.jpg	zo
20230211143427	https://assets.supremenewyork.com/165051/zo/lBO0GltCa64.jpg	2023_165051_lBO0GltCa64.jpg	zo
20230107132632	https://assets.supremenewyork.com/227162/zo/KhsseKDH01s1.jpg	2023_227162_KhsseKDH01s1.jpg	zo
20230215195728	https://assets.supremenewyork.com/226882/zo/gTuN6gYgTOg3.jpg	2023_226882_gTuN6gYgTOg3.jpg	zo
20230208093611	https://assets.supremenewyork.com/225565/zo/fHwQRUiUuNo.jpg	2023_225565_fHwQRUiUuNo.jpg	zo
20230209123929	https://assets.supremenewyork.com/163698/zo/lbT1l4pqK8c.jpg	2023_163698_lbT1l4pqK8c.jpg	zo
20230211102227	https://assets.supremenewyork.com/232563/zo/5zh8J1ZQgY0.jpg	2023_232563_5zh8J1ZQgY0.jpg	zo
20230211203839	https://assets.supremenewyork.com/214149/zo/BqecfN1M_do.jpg	2023_214149_BqecfN1M_do.jpg	zo
20230327040513	https://assets.supremenewyork.com/133772/zo/hMXNq9t6VsY.jpg	2023_133772_hMXNq9t6VsY.jpg	zo
20230210040041	https://assets.supremenewyork.com/248575/zo/iJ0w7Ec6xVE.jpg	2023_248575_iJ0w7Ec6xVE.jpg	zo
20230208032232	https://assets.supremenewyork.com/227169/zo/-koN_wuNavM2.jpg	2023_227169_-koN_wuNavM2.jpg	zo
20230208033040	https://assets.supremenewyork.com/227571/zo/O1yMNArV2eg1.jpg	2023_227571_O1yMNArV2eg1.jpg	zo
20230322212952	https://assets.supremenewyork.com/225160/zo/jzfey3hEdrQ.jpg	2023_225160_jzfey3hEdrQ.jpg	zo
20230322212250	https://assets.supremenewyork.com/225144/zo/lyt4TQ6XfkM.jpg	2023_225144_lyt4TQ6XfkM.jpg	zo
20200912044450	https://d17ol771963kd3.cloudfront.net/137709/zo/1-snake_pullover_1329738938.jpg	2020_137709_1-snake_pullover_1329738938.jpg	zo
20190711050753	https://assets.supremenewyork.com/170067/zo/PCmtJlgDIGA.jpg	2019_170067_PCmtJlgDIGA.jpg	zo
20161027232752	http://d17ol771963kd3.cloudfront.net/110158/zo/52lwU8KE8XQ.jpg	2016_110158_52lwU8KE8XQ.jpg	zo
20220422182745	https://assets.supremenewyork.com/183823/zo/hiIVc2DiVm8.jpg	2022_183823_hiIVc2DiVm8.jpg	zo
20201108214955	https://assets.supremenewyork.com/191764/zo/hbqeCOYAqmE2.jpg	2020_191764_hbqeCOYAqmE2.jpg	zo
20200616233631	http://d17ol771963kd3.cloudfront.net/88368/zo/t50TfvNfQJs.jpg	2020_88368_t50TfvNfQJs.jpg	zo
20191224011144	https://assets.supremenewyork.com/175391/zo/PohCaENXmLA2.jpg	2019_175391_PohCaENXmLA2.jpg	zo
20160115012638	http://d17ol771963kd3.cloudfront.net/97286/zo/PIZDulzZ2nU.jpg	2016_97286_PIZDulzZ2nU.jpg	zo
20220822185622	https://assets.supremenewyork.com/241840/zo/rmUAJozLK7A2.jpg	2022_241840_rmUAJozLK7A2.jpg	zo
20210610183642	http://assets.supremenewyork.com/212650/zo/49leTnUPZNc.jpg	2021_212650_49leTnUPZNc.jpg	zo
20161215155909	http://d17ol771963kd3.cloudfront.net/85074/zo/WFunvQdsdxY.jpg	2016_85074_WFunvQdsdxY.jpg	zo
20180220112407	http://d17ol771963kd3.cloudfront.net/115037/zo/LLOPCBH2VV1.jpg	2018_115037_LLOPCBH2VV1.jpg	zo
20160825063722	http://d17ol771963kd3.cloudfront.net/167810/zo/4-j23_striped_denim.jpg	2016_167810_4-j23_striped_denim.jpg	zo
20200621120626	http://d17ol771963kd3.cloudfront.net/148422/zo/1-cars_shirt_1345454933.jpg	2020_148422_1-cars_shirt_1345454933.jpg	zo
20200424051554	https://assets.supremenewyork.com/188664/zo/S-1tvAI-7rY.jpg	2020_188664_S-1tvAI-7rY.jpg	zo
20200702104137	https://assets.supremenewyork.com/185196/zo/x8HLYf637zM.jpg	2020_185196_x8HLYf637zM.jpg	zo
20230212040504	https://assets.supremenewyork.com/144156/zo/e_euq3mHj_w.jpg	2023_144156_e_euq3mHj_w.jpg	zo
20200827185733	https://d17ol771963kd3.cloudfront.net/138069/zo/12-arc_crew_tee_1329739101.jpg	2020_138069_12-arc_crew_tee_1329739101.jpg	zo
20160403195501	http://d17ol771963kd3.cloudfront.net/87372/zo/r7s1QM45oWo2.jpg	2016_87372_r7s1QM45oWo2.jpg	zo
20220813065701	http://assets.supremenewyork.com/215459/zo/IWeAv1G4ZpM2.jpg	2022_215459_IWeAv1G4ZpM2.jpg	zo
20201024161854	https://assets.supremenewyork.com/191224/zo/M2jWttis00g2.jpg	2020_191224_M2jWttis00g2.jpg	zo
20191227113618	https://assets.supremenewyork.com/174414/zo/4JLVnR08S80.jpg	2019_174414_4JLVnR08S80.jpg	zo
20200904045048	https://assets.supremenewyork.com/194098/zo/8nriwhJHuJo.jpg	2020_194098_8nriwhJHuJo.jpg	zo
20160218062403	http://d17ol771963kd3.cloudfront.net/137740/zo/0-field_jacket_1329738951.jpg	2016_137740_0-field_jacket_1329738951.jpg	zo
20220922150825	http://assets.supremenewyork.com/248906/zo/CXmQSSSKsDA.jpg	2022_248906_CXmQSSSKsDA.jpg	zo
20151130223147	http://d17ol771963kd3.cloudfront.net/85177/zo/AkQ4fitlJJg.jpg	2015_85177_AkQ4fitlJJg.jpg	zo
20160905134041	http://d17ol771963kd3.cloudfront.net/108856/zo/sSbPr1d0FOY.jpg	2016_108856_sSbPr1d0FOY.jpg	zo
20201108120523	http://d17ol771963kd3.cloudfront.net/114565/zo/B47N3Vy8oTY.jpg	2020_114565_B47N3Vy8oTY.jpg	zo
20221118200121	https://assets.supremenewyork.com/227534/zo/bDFyRW1IJPk1.jpg	2022_227534_bDFyRW1IJPk1.jpg	zo
20200501134421	https://assets.supremenewyork.com/183957/zo/ha-36ohKrp0.jpg	2020_183957_ha-36ohKrp0.jpg	zo
20181109013351	http://d17ol771963kd3.cloudfront.net/110783/zo/hhPaZuwDkQg.jpg	2018_110783_hhPaZuwDkQg.jpg	zo
20201112015446	https://assets.supremenewyork.com/153626/zo/DtFncraLMwg.jpg	2020_153626_DtFncraLMwg.jpg	zo
20201103234914	http://d17ol771963kd3.cloudfront.net/128445/zo/TNrBJTMw7W0.jpg	2020_128445_TNrBJTMw7W0.jpg	zo
20161213191413	http://d17ol771963kd3.cloudfront.net/92456/zo/qiRT-USmAWg1.jpg	2016_92456_qiRT-USmAWg1.jpg	zo
20171009143627	http://d17ol771963kd3.cloudfront.net/107434/zo/mM1eaLEbolw.jpg	2017_107434_mM1eaLEbolw.jpg	zo
20161109045940	http://d17ol771963kd3.cloudfront.net/92552/zo/VETHQwZKm4A.jpg	2016_92552_VETHQwZKm4A.jpg	zo
20220822155828	https://assets.supremenewyork.com/243283/zo/rgWe69p70Rg.jpg	2022_243283_rgWe69p70Rg.jpg	zo
20200621120612	http://d17ol771963kd3.cloudfront.net/148327/zo/1-mechanics_puffy_jacket_1345454913.jpg	2020_148327_1-mechanics_puffy_jacket_1345454913.jpg	zo
20190418151539	https://assets.supremenewyork.com/167227/zo/eIjrlSUPS6s.jpg	2019_167227_eIjrlSUPS6s.jpg	zo
20190711050754	https://assets.supremenewyork.com/169489/zo/X1jDpdOnU0Y.jpg	2019_169489_X1jDpdOnU0Y.jpg	zo
20160905174346	http://d17ol771963kd3.cloudfront.net/160600/zo/4-H6_group_1361187855.jpg	2016_160600_4-H6_group_1361187855.jpg	zo
20181015151654	http://d17ol771963kd3.cloudfront.net/107095/zo/--w2w2bZuhA.jpg	2018_107095_--w2w2bZuhA.jpg	zo
20170213152408	http://d17ol771963kd3.cloudfront.net/91703/zo/PBn2DsM1owY1.jpg	2017_91703_PBn2DsM1owY1.jpg	zo
20151207055911	http://d17ol771963kd3.cloudfront.net/86409/zo/KHXZ5BIqVsM.jpg	2015_86409_KHXZ5BIqVsM.jpg	zo
20190210121836	http://d17ol771963kd3.cloudfront.net/146961/zo/a1y_LCB7NV0.jpg	2019_146961_a1y_LCB7NV0.jpg	zo
20160115012650	http://d17ol771963kd3.cloudfront.net/97379/zo/9zOL757BLdQ.jpg	2016_97379_9zOL757BLdQ.jpg	zo
20181212080011	http://d17ol771963kd3.cloudfront.net/89722/zo/uNZzq_XTDoE.jpg	2018_89722_uNZzq_XTDoE.jpg	zo
20220407091712	https://assets.supremenewyork.com/233550/zo/h64K_Pk3JXQ.jpg	2022_233550_h64K_Pk3JXQ.jpg	zo
20151216131620	http://d17ol771963kd3.cloudfront.net/94614/zo/wfE943GCwFs.jpg	2015_94614_wfE943GCwFs.jpg	zo
20221009034137	https://assets.supremenewyork.com/74508/zo/U1OGA__P4v0.jpg	2022_74508_U1OGA__P4v0.jpg	zo
20180704090847	http://d17ol771963kd3.cloudfront.net/95177/zo/l-xLBm44imE.jpg	2018_95177_l-xLBm44imE.jpg	zo
20200319052829	https://assets.supremenewyork.com/181318/zo/w0JLF-YrRf4.jpg	2020_181318_w0JLF-YrRf4.jpg	zo
20210228222054	http://d17ol771963kd3.cloudfront.net/120079/zo/sfVFAy8pGIQ.jpg	2021_120079_sfVFAy8pGIQ.jpg	zo
20190711050753	https://assets.supremenewyork.com/169876/zo/w5-UAvgMrlc.jpg	2019_169876_w5-UAvgMrlc.jpg	zo
20200820172947	http://d17ol771963kd3.cloudfront.net/88894/zo/fHsQPdca9FQ1.jpg	2020_88894_fHsQPdca9FQ1.jpg	zo
20201109043112	https://assets.supremenewyork.com/124519/zo/TXQ4YoDLwys.jpg	2020_124519_TXQ4YoDLwys.jpg	zo
20160916043214	http://d17ol771963kd3.cloudfront.net/93464/zo/jAQrPEycOX0.jpg	2016_93464_jAQrPEycOX0.jpg	zo
20161003025929	http://d17ol771963kd3.cloudfront.net/109340/zo/QLK_dfxt594.jpg	2016_109340_QLK_dfxt594.jpg	zo
20160605232926	http://d17ol771963kd3.cloudfront.net/160829/zo/2-A15_03_1361187945.jpg	2016_160829_2-A15_03_1361187945.jpg	zo
20190428134731	https://assets.supremenewyork.com/150815/zo/tNbnKLLXyuY.jpg	2019_150815_tNbnKLLXyuY.jpg	zo
20201108104212	http://d17ol771963kd3.cloudfront.net/105068/zo/v4p8gantpW1.jpg	2020_105068_v4p8gantpW1.jpg	zo
20160308070333	http://d17ol771963kd3.cloudfront.net/98436/zo/rOq9crR5hJE.jpg	2016_98436_rOq9crR5hJE.jpg	zo
20191227002753	https://assets.supremenewyork.com/173513/zo/-e_nIj34FjM.jpg	2019_173513_-e_nIj34FjM.jpg	zo
20220520030502	http://assets.supremenewyork.com/213625/zo/WEEOUjBBqFQ.jpg	2022_213625_WEEOUjBBqFQ.jpg	zo
20230209093729	https://assets.supremenewyork.com/238937/zo/0iui-G-qieQ.jpg	2023_238937_0iui-G-qieQ.jpg	zo
20181002183729	https://assets.supremenewyork.com/156664/zo/kN9yKrNayN0.jpg	2018_156664_kN9yKrNayN0.jpg	zo
20201109032753	http://d17ol771963kd3.cloudfront.net/125862/zo/xJfLIWNXL1c.jpg	2020_125862_xJfLIWNXL1c.jpg	zo
20190216004901	http://d17ol771963kd3.cloudfront.net/124350/zo/r8KycEQtS3g.jpg	2019_124350_r8KycEQtS3g.jpg	zo
20161006064340	http://d17ol771963kd3.cloudfront.net/91820/zo/BcFCRjcFOg8.jpg	2016_91820_BcFCRjcFOg8.jpg	zo
20221009030739	https://assets.supremenewyork.com/150080/zo/01DiOreD1rw.jpg	2022_150080_01DiOreD1rw.jpg	zo
20160602072533	http://d17ol771963kd3.cloudfront.net/137650/zo/3-schott--r--_leather_flight_jacket_1329738912.jpg	2016_137650_3-schott--r--_leather_flight_jacket_1329738912.jpg	zo
20160221222145	http://d17ol771963kd3.cloudfront.net/91509/zo/N_vFQvFEMuw.jpg	2016_91509_N_vFQvFEMuw.jpg	zo
20160907033045	http://d17ol771963kd3.cloudfront.net/160250/zo/2-S26_DarkGreen_1361187722.jpg	2016_160250_2-S26_DarkGreen_1361187722.jpg	zo
20200811093835	https://d17ol771963kd3.cloudfront.net/148026/zo/4-leather_down_jacket_1345454848.jpg	2020_148026_4-leather_down_jacket_1345454848.jpg	zo
20160907034009	http://d17ol771963kd3.cloudfront.net/137995/zo/6-gingham_shirt_1329739066.jpg	2016_137995_6-gingham_shirt_1329739066.jpg	zo
20220822155805	https://assets.supremenewyork.com/243303/zo/Kb7IRW34xCE.jpg	2022_243303_Kb7IRW34xCE.jpg	zo
20220516212214	https://assets.supremenewyork.com/226877/zo/d-H3UlZsldw2.jpg	2022_226877_d-H3UlZsldw2.jpg	zo
20150808081906	http://d17ol771963kd3.cloudfront.net/85039/zo/2XpBvzuW9KY.jpg	2015_85039_2XpBvzuW9KY.jpg	zo
20190402135354	https://assets.supremenewyork.com/165559/zo/Zi-4buV6A_o.jpg	2019_165559_Zi-4buV6A_o.jpg	zo
20160126145825	http://d17ol771963kd3.cloudfront.net/86606/zo/8QfdzozxjbM.jpg	2016_86606_8QfdzozxjbM.jpg	zo
20200129065447	https://assets.supremenewyork.com/179160/zo/8p5THXUKPrs.jpg	2020_179160_8p5THXUKPrs.jpg	zo
20221009030744	https://assets.supremenewyork.com/103857/zo/ggFptSwjqY4.jpg	2022_103857_ggFptSwjqY4.jpg	zo
20200818033857	https://assets.supremenewyork.com/193156/zo/QIIRLQb1cm8.jpg	2020_193156_QIIRLQb1cm8.jpg	zo
20230210165857	https://assets.supremenewyork.com/227598/zo/tRCFjLitbHw.jpg	2023_227598_tRCFjLitbHw.jpg	zo
20160220150424	http://d17ol771963kd3.cloudfront.net/87377/zo/Dw7dPJw0qUA.jpg	2016_87377_Dw7dPJw0qUA.jpg	zo
20190430075134	https://assets.supremenewyork.com/144224/zo/_4JcrXszxIM1.jpg	2019_144224__4JcrXszxIM1.jpg	zo
20220701053530	https://assets.supremenewyork.com/214770/zo/isiGCD7EwUc2.jpg	2022_214770_isiGCD7EwUc2.jpg	zo
20220624054837	https://assets.supremenewyork.com/191430/zo/GQfxGf5pbOY1.jpg	2022_191430_GQfxGf5pbOY1.jpg	zo
20190105003657	https://assets.supremenewyork.com/154765/zo/zA5UbnhjuqI.jpg	2019_154765_zA5UbnhjuqI.jpg	zo
20221006214916	https://d17ol771963kd3.cloudfront.net/128024/zo/GZnbtU2Ww7k.jpg	2022_128024_GZnbtU2Ww7k.jpg	zo
20200824133228	https://assets.supremenewyork.com/191456/zo/szYC1VG6jQA2.jpg	2020_191456_szYC1VG6jQA2.jpg	zo
20160907145239	http://d17ol771963kd3.cloudfront.net/109409/zo/tRwVq7iPbCc.jpg	2016_109409_tRwVq7iPbCc.jpg	zo
20201009160907	https://assets.supremenewyork.com/197925/zo/fWbqHR2BeX0.jpg	2020_197925_fWbqHR2BeX0.jpg	zo
20161105113402	http://d17ol771963kd3.cloudfront.net/88938/zo/9qhOy2ckDGM.jpg	2016_88938_9qhOy2ckDGM.jpg	zo
20161206051627	http://d17ol771963kd3.cloudfront.net/110045/zo/veiuHQSoX_o.jpg	2016_110045_veiuHQSoX_o.jpg	zo
20190107183908	https://assets.supremenewyork.com/153112/zo/9azniI04uZY.jpg	2019_153112_9azniI04uZY.jpg	zo
20201215151104	http://d17ol771963kd3.cloudfront.net/160923/zo/2-A21_group_XX_1361187981.jpg	2020_160923_2-A21_group_XX_1361187981.jpg	zo
20220822155840	https://assets.supremenewyork.com/243296/zo/CcdsCSj2Eeo.jpg	2022_243296_CcdsCSj2Eeo.jpg	zo
20190430064017	https://assets.supremenewyork.com/150958/zo/0saWMo2eCfc.jpg	2019_150958_0saWMo2eCfc.jpg	zo
20200121012344	https://assets.supremenewyork.com/178950/zo/zUwoqExodfQ.jpg	2020_178950_zUwoqExodfQ.jpg	zo
20200212122841	https://assets.supremenewyork.com/179463/zo/9V45Gb01o-g.jpg	2020_179463_9V45Gb01o-g.jpg	zo
20160109145402	http://d17ol771963kd3.cloudfront.net/93604/zo/YvidFBlFSlU.jpg	2016_93604_YvidFBlFSlU.jpg	zo
20221017000343	http://d17ol771963kd3.cloudfront.net/114807/zo/E7TYPbsGYg8.jpg	2022_114807_E7TYPbsGYg8.jpg	zo
20230212011304	https://assets.supremenewyork.com/152915/zo/XSwRc7TU24k.jpg	2023_152915_XSwRc7TU24k.jpg	zo
20160115012053	http://d17ol771963kd3.cloudfront.net/97496/zo/e-y9ccA6jLw.jpg	2016_97496_e-y9ccA6jLw.jpg	zo
20160804182831	http://d17ol771963kd3.cloudfront.net/137964/zo/13-no_limit_5_panel_1329739051.jpg	2016_137964_13-no_limit_5_panel_1329739051.jpg	zo
20200404211110	https://assets.supremenewyork.com/181425/zo/zY8Vxgd_5AY1.jpg	2020_181425_zY8Vxgd_5AY1.jpg	zo
20200111013009	https://assets.supremenewyork.com/173481/zo/DWKs7KhBi5U.jpg	2020_173481_DWKs7KhBi5U.jpg	zo
20200610231238	https://d17ol771963kd3.cloudfront.net/167698/zo/2-j5_group.jpg	2020_167698_2-j5_group.jpg	zo
20201103232123	http://d17ol771963kd3.cloudfront.net/136006/zo/2Wmk8XPZOA4.jpg	2020_136006_2Wmk8XPZOA4.jpg	zo
20221009034748	https://assets.supremenewyork.com/136511/zo/J15_TaxiYellow04_1321815422.jpg	2022_136511_J15_TaxiYellow04_1321815422.jpg	zo
20220814114105	https://assets.supremenewyork.com/212722/zo/R9VYV4BekpU.jpg	2022_212722_R9VYV4BekpU.jpg	zo
20160418231819	http://d17ol771963kd3.cloudfront.net/160531/zo/0-KN20_black01_1361187826.jpg	2016_160531_0-KN20_black01_1361187826.jpg	zo
20160118081902	http://d17ol771963kd3.cloudfront.net/93590/zo/uxCOPt2GOQ8.jpg	2016_93590_uxCOPt2GOQ8.jpg	zo
20220919223530	https://assets.supremenewyork.com/248578/zo/5x8wCnM2W8w.jpg	2022_248578_5x8wCnM2W8w.jpg	zo
20160506072021	http://d17ol771963kd3.cloudfront.net/160618/zo/13-H41_group_1361187862.jpg	2016_160618_13-H41_group_1361187862.jpg	zo
20160118071750	http://d17ol771963kd3.cloudfront.net/89928/zo/iPmEY9uqcZw.jpg	2016_89928_iPmEY9uqcZw.jpg	zo
20160602014327	http://d17ol771963kd3.cloudfront.net/88940/zo/FXziB9PoPj0.jpg	2016_88940_FXziB9PoPj0.jpg	zo
20201112024042	http://d17ol771963kd3.cloudfront.net/133857/zo/jRkasa75KqM.jpg	2020_133857_jRkasa75KqM.jpg	zo
20180722221555	http://d17ol771963kd3.cloudfront.net/109751/zo/jpn44i-7ZRk.jpg	2018_109751_jpn44i-7ZRk.jpg	zo
20201112025923	https://assets.supremenewyork.com/133400/zo/3cipDYaev4A.jpg	2020_133400_3cipDYaev4A.jpg	zo
20201103232506	http://d17ol771963kd3.cloudfront.net/136509/zo/cW4j2vgHyFs.jpg	2020_136509_cW4j2vgHyFs.jpg	zo
20211025232310	https://assets.supremenewyork.com/153653/zo/IMG_1820_a_1350836680.jpg	2021_153653_IMG_1820_a_1350836680.jpg	zo
20190213023318	http://d17ol771963kd3.cloudfront.net/123323/zo/6Frm4S-ryDE.jpg	2019_123323_6Frm4S-ryDE.jpg	zo
20221228221206	https://assets.supremenewyork.com/225083/zo/eMQcDB5HOHY.jpg	2022_225083_eMQcDB5HOHY.jpg	zo
20220922150840	http://assets.supremenewyork.com/248904/zo/OapWGLJO4Ss.jpg	2022_248904_OapWGLJO4Ss.jpg	zo
20191219231206	https://assets.supremenewyork.com/175528/zo/GiGMGq070rg.jpg	2019_175528_GiGMGq070rg.jpg	zo
20161005055018	http://d17ol771963kd3.cloudfront.net/167939/zo/8-bn20_group.jpg	2016_167939_8-bn20_group.jpg	zo
20160718172455	http://d17ol771963kd3.cloudfront.net/93881/zo/IKUUkWDJW3E.jpg	2016_93881_IKUUkWDJW3E.jpg	zo
20201108113218	http://d17ol771963kd3.cloudfront.net/117928/zo/KzA1Ef8MZyg.jpg	2020_117928_KzA1Ef8MZyg.jpg	zo
20201112013303	https://assets.supremenewyork.com/155557/zo/PzH_P-IYEVA1.jpg	2020_155557_PzH_P-IYEVA1.jpg	zo
20190711050753	https://assets.supremenewyork.com/166448/zo/3JtUpC2H-eg.jpg	2019_166448_3JtUpC2H-eg.jpg	zo
20181015144310	http://d17ol771963kd3.cloudfront.net/102370/zo/bEo-6K_-vIQ.jpg	2018_102370_bEo-6K_-vIQ.jpg	zo
20151216132207	http://d17ol771963kd3.cloudfront.net/93616/zo/TXs0n5EB6wg.jpg	2015_93616_TXs0n5EB6wg.jpg	zo
20200409045906	https://assets.supremenewyork.com/185654/zo/BJiV5r0uK60.jpg	2020_185654_BJiV5r0uK60.jpg	zo
20200825024729	https://d17ol771963kd3.cloudfront.net/119368/zo/OGylFaRJ-Wg.jpg	2020_119368_OGylFaRJ-Wg.jpg	zo
20161008183710	http://d17ol771963kd3.cloudfront.net/160339/zo/4-J6_bronze01_1361187755.jpg	2016_160339_4-J6_bronze01_1361187755.jpg	zo
20190105003508	https://assets.supremenewyork.com/158139/zo/FZXyPwBm31Y.jpg	2019_158139_FZXyPwBm31Y.jpg	zo
20220822155833	https://assets.supremenewyork.com/243308/zo/Ru48-alGgLg.jpg	2022_243308_Ru48-alGgLg.jpg	zo
